point_id,records,ndvi_available,ndvi_mean,rainfall_mean,temperature_mean,district,ndvi_coverage_pct
P001,260,156,0.3373719429453978,14.982580637982261,25.182371618459538,Ahmednagar,60.0
P002,260,159,0.29437059150575273,15.116439220088793,25.383003164647718,Ahmednagar,61.15384615384616
P003,260,165,0.07008975532865433,15.581442765301267,26.151416867643945,Ahmednagar,63.46153846153846
P004,260,164,0.2523291958950278,13.721413323359437,25.21168633450521,Ahmednagar,63.07692307692307
P005,260,167,0.3695656404451294,17.610099891843653,26.684706693865902,Akola,64.23076923076924
P006,260,162,0.37722590289734026,16.46858652703791,26.679270853664434,Akola,62.30769230769231
P007,260,155,0.39818503217351053,17.262998554417795,26.702965103750284,Akola,59.61538461538461
P008,260,167,0.3152905751638739,18.989417142341754,26.633155059465143,Akola,64.23076923076924
P009,260,172,0.31985789099924783,23.990119526894322,25.765662517827096,Amravati,66.15384615384615
P010,260,170,0.35317277119440194,22.89689950941577,26.321333913488726,Amravati,65.38461538461539
P011,260,160,0.3784759538713843,25.065973132641908,26.767324194366697,Amravati,61.53846153846154
P012,260,173,0.19871717336119252,22.40033781747062,26.420830608200262,Amravati,66.53846153846153
P013,260,170,0.4256471069420085,14.88923650891341,25.233714436611436,Aurangabad,65.38461538461539
P014,260,165,0.27755141594644744,14.810574050763478,25.69593023188387,Aurangabad,63.46153846153846
P015,260,158,0.32323675527225565,14.74277692720283,25.36132674129894,Aurangabad,60.76923076923077
P016,260,162,0.45299011450490834,14.77488589426472,25.771667706486095,Aurangabad,62.30769230769231
P017,260,169,0.27775003619977,28.789244618821584,26.641427625928632,Bhandara,65.0
P018,260,173,0.5308195548078228,26.741872141734657,26.711404544355254,Bhandara,66.53846153846153
P019,260,173,0.356101488188512,27.30134339054013,26.50092438324033,Bhandara,66.53846153846153
P020,260,166,0.42211788192570926,28.587894422653168,26.68413868684037,Bhandara,63.84615384615384
P021,260,162,0.3240273380997004,15.749993626704732,25.09657702568252,Bid,62.30769230769231
P022,260,161,0.278909440690316,12.92718471282969,25.568516727419585,Bid,61.92307692307693
P023,260,167,0.3810481345225237,17.708753145354702,26.075642548375974,Bid,64.23076923076924
P024,260,185,0.4657555193514437,19.066882389099067,24.89378684711109,Bid,71.15384615384616
P025,260,193,0.42064178514733447,17.603250508858252,26.380864966745367,Buldana,74.23076923076923
P026,260,199,0.2421380834906694,17.012259239159167,26.693597526340717,Buldana,76.53846153846153
P027,260,161,0.37360200683892886,17.541721750450712,26.563204209533826,Buldana,61.92307692307693
P028,260,197,0.43692275505456224,18.621013804816783,25.248595970279588,Buldana,75.76923076923077
P029,260,173,0.40369782652813574,28.099747777569274,27.09636843300567,Chandrapur,66.53846153846153
P030,260,169,0.3483603230771228,26.6322039269843,26.98281482759415,Chandrapur,65.0
P031,260,172,0.4443718262536581,28.881443914648585,27.06331295495507,Chandrapur,66.15384615384615
P032,260,165,0.3963993520447702,27.424244862832555,27.091003822843692,Chandrapur,63.46153846153846
P033,260,165,0.3801781522505211,16.52636355121109,26.065308290348842,Dhule,63.46153846153846
P034,260,179,0.2953420953211171,16.33275811979449,26.733592813442932,Dhule,68.84615384615384
P035,260,168,0.3844295023896155,16.72572891450127,26.175286800608117,Dhule,64.61538461538461
P036,260,175,0.39512605479785373,17.549448983465425,25.84356139710537,Dhule,67.3076923076923
P037,260,170,0.4145405391121612,30.16916418221394,27.36838531179745,Garhchiroli,65.38461538461539
P038,260,156,0.38149848367827827,29.493348478579605,27.823838814186985,Garhchiroli,60.0
P039,260,159,0.44327949973865877,30.700315595303813,27.82559765511819,Garhchiroli,61.15384615384616
P040,260,169,0.39466516497219806,30.336917547313856,27.276615578438356,Garhchiroli,65.0
P041,260,170,0.430488543037106,28.383871106529842,26.573138363108114,Gondiya,65.38461538461539
P042,260,172,0.26376270606767294,30.344331897244018,26.240856086465488,Gondiya,66.15384615384615
P043,260,169,0.4139381905124914,29.63465220390231,26.004382594950492,Gondiya,65.0
P044,260,159,0.3723702864639414,28.833080243538515,26.323289453066334,Gondiya,61.15384615384616
P045,260,159,0.37769356945459287,23.591267522467263,26.314631090758073,Hingoli,61.15384615384616
P046,260,161,0.3465922779363135,23.194962800449378,26.211359919383874,Hingoli,61.92307692307693
P047,260,171,0.3906962722539902,22.322834865702973,26.550922684093123,Hingoli,65.76923076923077
P048,260,169,0.305556201194165,22.376686396507118,26.060303899394743,Hingoli,65.0
P049,260,171,0.5713051832035968,19.99792027221142,26.751849971324116,Jalgaon,65.76923076923077
P050,260,163,0.10413082664478224,18.55881961312575,24.92739812515596,Jalgaon,62.69230769230769
P051,260,165,0.5209348527460613,18.95749352125587,26.409691714541843,Jalgaon,63.46153846153846
P052,260,164,0.5345102604932901,16.41395738190488,26.67481649454699,Jalgaon,63.07692307692307
P053,260,194,-0.08550657747918261,19.266416725546765,26.150383830856516,Jalna,74.61538461538461
P054,260,191,0.2721224846952248,18.80797554495981,25.70522367281794,Jalna,73.46153846153847
P055,260,196,0.4725093138879355,17.63899601062244,25.989795371464343,Jalna,75.38461538461539
P056,260,193,0.4144349529412744,18.388403731425825,26.074947641882726,Jalna,74.23076923076923
P057,260,151,0.3346673071581796,23.451795510545637,24.705421489324348,Kolhapur,58.07692307692308
P058,260,147,0.46088580153629083,28.234424545145398,24.491098617372085,Kolhapur,56.53846153846154
P059,260,155,0.49880108852540295,18.804309977379834,24.793639468448088,Kolhapur,59.61538461538461
P060,260,149,0.39978552994712085,25.0572482660569,24.750188652499713,Kolhapur,57.30769230769231
P061,260,174,0.39375508919186974,22.848802236760875,25.896814369718694,Latur,66.92307692307692
P062,260,163,0.4454898117292255,20.73766607386552,25.48056578269374,Latur,62.69230769230769
P063,260,166,0.3349298010075307,22.44903691410246,25.447208303584304,Latur,63.84615384615384
P064,260,161,0.3075790360384846,21.31726065943042,25.421057846781995,Latur,61.92307692307693
P065,260,160,0.46427042298018933,20.6020597618642,25.406800391997198,Latur,61.53846153846154
P066,260,162,0.36568287645041203,20.570123817145745,25.27072642364784,Latur,62.30769230769231
P067,260,163,0.34702953533983666,21.97646752496915,25.447208303584304,Latur,62.69230769230769
P068,260,156,0.3804375092761639,20.89493696818127,25.49285575915608,Latur,60.0
P069,260,167,0.33133556800866554,22.118129511128036,26.35679350597957,Latur,64.23076923076924
P070,260,164,0.6522404171708154,22.730156150853297,26.07751438259644,Latur,63.07692307692307
P071,260,157,0.41867618500047427,20.735437460540084,25.32201218622511,Latur,60.38461538461538
P072,260,161,0.47818404609649817,21.49560689521117,25.46462366816764,Latur,61.92307692307693
P073,260,162,0.347492881855111,21.01506923389489,25.535658395159395,Latur,62.30769230769231
P074,260,161,0.441569469105568,22.384218664494586,25.745772792480825,Latur,61.92307692307693
P075,260,166,0.3069224777710006,22.193090593059253,26.26086815041066,Latur,63.84615384615384
P076,260,160,0.259762578268419,20.312744819307877,25.233168250213197,Latur,61.53846153846154
P077,260,169,0.37437105313296143,20.543231795333067,25.345824661185034,Latur,65.0
P078,260,164,0.46352031745198297,21.41593937097798,25.527326939830875,Latur,63.07692307692307
P079,260,171,0.40781649707527884,22.53624002220147,25.933891371492958,Latur,65.76923076923077
P080,260,149,0.40156580972791517,20.346732342128767,25.48056578269374,Latur,57.30769230769231
P081,260,161,0.437076180062679,20.770618391956166,25.32201218622511,Latur,61.92307692307693
P082,260,165,0.3128980915654789,21.877189206212194,25.420261796315533,Latur,63.46153846153846
P083,260,168,0.37335201760842684,22.720144244569976,25.77758382405992,Latur,64.61538461538461
P084,260,160,0.22286834251135584,22.229309221622696,25.463520429771922,Latur,61.53846153846154
P085,260,162,0.3471819189273649,20.716342247043325,25.421057846781995,Latur,62.30769230769231
P086,260,167,0.446149495703553,28.490679783235493,26.606284790248683,Nagpur,64.23076923076924
P087,260,171,0.4343705618024221,27.815992312413158,26.67872891513422,Nagpur,65.76923076923077
P088,260,167,0.5631121456801534,26.418879700695665,25.732432966616585,Nagpur,64.23076923076924
P089,260,198,0.3733616919830592,25.913235843682923,26.168035287472815,Nagpur,76.15384615384615
P090,260,169,0.43397376355687545,23.83054531601732,26.328487680945226,Nanded,65.0
P091,260,157,0.37316439191626893,21.985335130687822,26.841979312198088,Nanded,60.38461538461538
P092,260,166,0.43327442648629827,27.23583121854642,26.771785931360174,Nanded,63.84615384615384
P093,260,177,0.3778210266119679,22.130877266447225,26.662370911972015,Nanded,68.07692307692308
P094,260,206,0.559079178328653,18.944598742648136,25.844995835063244,Nandurbar,79.23076923076923
P095,260,173,0.4138328218994113,17.127392396459786,26.625627569051915,Nandurbar,66.53846153846153
P096,260,174,0.23436232262301715,15.378332080604775,26.216000692835678,Nandurbar,66.92307692307692
P097,260,174,0.4898129861330849,17.500815893842937,26.184201197571827,Nandurbar,66.92307692307692
P098,260,157,0.2870351211612771,15.41488593688462,23.696549884041612,Nashik,60.38461538461538
P099,260,157,0.22398593161658492,15.585489099190006,24.587803344936187,Nashik,60.38461538461538
P100,260,163,0.2122507900502418,16.235290403579487,23.445340985518257,Nashik,62.69230769230769
P101,260,174,0.4738765611131301,17.24803442710685,24.678560028844725,Nashik,66.92307692307692
P102,260,161,0.19414491391515137,18.725142772724325,25.66040705551597,Osmanabad,61.92307692307693
P103,260,162,0.37006025048501695,19.27551479370433,25.734332568479562,Osmanabad,62.30769230769231
P104,260,151,0.19589815678580705,18.77213311119793,25.71871280006439,Osmanabad,58.07692307692308
P105,260,186,0.2937586879537951,16.515252407909884,25.247307703695917,Osmanabad,71.53846153846153
P106,260,165,0.27646011613083604,21.46835128742566,26.441979043911687,Parbhani,63.46153846153846
P107,260,169,0.43880018309728636,21.36502775780973,26.358854213826408,Parbhani,65.0
P108,260,158,0.5466212509553644,21.83020432915456,26.702106721409972,Parbhani,60.76923076923077
P109,260,163,0.33708393098386513,20.289853627515242,26.348868191547908,Parbhani,62.69230769230769
P110,260,164,0.5720867607288245,15.512041128860325,26.331379987206674,Pune,63.07692307692307
P111,260,167,0.3385226812637494,15.572791626150263,25.671214302468233,Pune,64.23076923076924
P112,260,157,0.2448300066504888,14.794103091778002,25.690881439530393,Pune,60.38461538461538
P113,260,166,0.4970334422696068,16.22442056541453,26.44087356979596,Pune,63.84615384615384
P114,260,189,0.31062581216689766,50.74880355188295,26.16298528783053,Raigarh,72.6923076923077
P115,260,180,0.23327897000643938,53.33241377344793,26.160822318150473,Raigarh,69.23076923076923
P116,260,182,0.7128084937294761,44.83311996549422,26.0553118943295,Raigarh,70.0
P117,260,191,0.26955208876682196,53.66192423142627,26.301336381723615,Raigarh,73.46153846153847
P118,260,187,0.3738065062359693,14.60708750093012,26.840839989281417,Sangli,71.92307692307692
P119,260,150,0.2536056811300416,12.746844114239194,25.61687463578726,Sangli,57.692307692307686
P120,260,158,0.39453492332485657,18.472106738874686,24.782211227906075,Sangli,60.76923076923077
P121,260,160,0.21444896450266238,14.48922578147144,24.83216083477707,Sangli,61.53846153846154
P122,260,157,0.296651844718274,32.04738876866035,23.4730616779118,Satara,60.38461538461538
P123,260,159,0.3552876517832654,21.869625959645315,23.991121198144175,Satara,61.15384615384616
P124,260,158,0.14763868463378912,18.169956701694215,25.16504612982057,Satara,60.76923076923077
P125,260,150,0.41590075170000396,20.018322611364443,24.40903705100876,Satara,57.692307692307686
P126,260,162,0.4990051888205387,23.394787657220345,24.269937706343008,Satara,62.30769230769231
P127,260,154,0.25439824599337263,20.80646572862823,24.233743679829157,Satara,59.23076923076923
P128,260,160,0.23577219629660245,16.223766729413974,26.06138652445198,Satara,61.53846153846154
P129,260,167,0.21729954278576155,22.84957414134862,24.81785562501288,Satara,64.23076923076924
P130,260,158,0.31710155732646766,26.910163114681055,24.244885658781193,Satara,60.76923076923077
P131,260,159,0.6137651900450388,20.720016254777995,24.233743679829157,Satara,61.15384615384616
P132,260,161,0.356328418698185,22.527493817985157,23.82174032267199,Satara,61.92307692307693
P133,260,157,0.5615324759559267,26.591495980442545,24.3362938762148,Satara,60.38461538461538
P134,260,156,0.5282915872641099,18.668019015548083,23.927571482885476,Satara,60.0
P135,260,154,0.5886906232539709,24.328014178471264,23.567119983701065,Satara,59.23076923076923
P136,260,153,0.36290397095719196,16.815676692209127,25.440594194223614,Satara,58.84615384615385
P137,260,158,0.3988526321098774,22.80257219056255,23.831165179228194,Satara,60.76923076923077
P138,260,156,0.30986688240693927,19.651727026583085,24.233743679829157,Satara,60.0
P139,260,167,0.46198471443738764,25.164553820165086,24.244885658781193,Satara,64.23076923076924
P140,260,160,0.42887880513444543,16.692243675666745,25.934432818164773,Satara,61.53846153846154
P141,260,165,0.4973814943523118,25.460080366467803,24.038468829354116,Satara,63.46153846153846
P142,260,162,0.5612731253107389,18.679850923680892,25.869057235088995,Satara,62.30769230769231
P143,260,154,0.4940614922867193,18.220442533987388,25.554563956557637,Satara,59.23076923076923
P144,260,163,0.4889790614141277,16.249459129296582,25.934432818164773,Satara,62.69230769230769
P145,260,160,0.3248544787275022,18.598247534490365,24.937218570010593,Satara,61.53846153846154
P146,260,154,0.4020089600839979,17.566527666788076,25.386402487492845,Satara,59.23076923076923
P147,260,155,0.4455185587367704,26.715548546095267,23.700049367143148,Satara,59.61538461538461
P148,260,160,0.3177525778766721,18.021096402417943,26.674395687326864,Solapur,61.53846153846154
P149,260,158,0.4376276895592484,15.876816245552185,26.565745954897835,Solapur,60.76923076923077
P150,260,160,0.4968671388924122,15.231798038859024,26.73357993569569,Solapur,61.53846153846154
P151,260,169,0.2564084109734501,15.74063558384738,26.644010597969608,Solapur,65.0
P152,260,161,0.4244998802679666,49.158294001713884,26.865398971152416,Thane,61.92307692307693
P153,260,164,0.3144684343530637,49.64465179716827,26.727127468891656,Thane,63.07692307692307
P154,260,164,0.24535517530833797,52.55225875136017,26.70125518037288,Thane,63.07692307692307
P155,260,167,0.2717781834259718,45.63323441455193,26.440806811196484,Thane,64.23076923076924
P156,260,201,0.38980299482742947,24.890617349429885,26.831013373839568,Wardha,77.3076923076923
P157,260,206,0.43875039224196405,25.197084382870194,27.09022158912689,Wardha,79.23076923076923
P158,260,165,0.3221626827662641,26.015880933462764,26.04450679366844,Wardha,63.46153846153846
P159,260,172,0.39967895424816496,27.32624588772979,27.340962864453125,Wardha,66.15384615384615
P160,260,164,0.3514072496625708,21.28115901932539,26.058464751400813,Washim,63.07692307692307
P161,260,180,0.41364537227070997,20.905443743558177,26.552756063929433,Washim,69.23076923076923
P162,260,167,0.25852125294612505,21.958020567740824,25.996166189773636,Washim,64.23076923076924
P163,260,165,0.27104972316460174,21.23163977936448,25.887650421687553,Washim,63.46153846153846
P164,260,167,0.2951975678969286,27.243502057766175,27.118213429643138,Yavatmal,64.23076923076924
P165,260,161,0.3763415102864274,30.385699023576812,27.605775672088196,Yavatmal,61.92307692307693
P166,260,160,0.4739376730285585,25.15994268771515,26.585074156806606,Yavatmal,61.53846153846154
P167,260,159,0.36512448887030285,26.297947140896913,26.406923803741705,Yavatmal,61.15384615384616
