point_id,latitude,longitude,cropland_percentage,cropland_threshold_percent,district,sampling_priority,region_type,grid_spacing_m,sampling_method,case_anchor_lat,case_anchor_lon,case_search_radius_m
P001,19.940459115485694,74.57045354774873,91.11817115620055,50,Ahmednagar,normal,statewide,10000,agricultural_grid_sampling,,,
P002,18.94672987388909,74.76302097108618,92.30423230321124,50,Ahmednagar,normal,statewide,10000,agricultural_grid_sampling,,,
P003,18.494693966442014,74.66892116953402,63.24602747314929,50,Ahmednagar,normal,statewide,10000,agricultural_grid_sampling,,,
P004,19.037203579399367,75.14207439020248,52.67920654610663,50,Ahmednagar,normal,statewide,10000,agricultural_grid_sampling,,,
P005,20.83215213743691,77.06560518400286,99.58687943576874,50,Akola,normal,statewide,10000,agricultural_grid_sampling,,,
P006,20.834361058592737,76.8734926583409,95.82014298810934,50,Akola,normal,statewide,10000,agricultural_grid_sampling,,,
P007,21.01497841279629,76.8757397930923,99.96052150613944,50,Akola,normal,statewide,10000,agricultural_grid_sampling,,,
P008,20.8284354955268,77.35372392212186,93.95210668821012,50,Akola,normal,statewide,10000,agricultural_grid_sampling,,,
P009,21.360970525846483,77.94039486889487,77.3027740099594,50,Amravati,normal,statewide,10000,agricultural_grid_sampling,,,
P010,21.178802246866432,78.03301343278763,78.34013271100845,50,Amravati,normal,statewide,10000,agricultural_grid_sampling,,,
P011,20.814386572426223,78.21764305313047,96.57326836652706,50,Amravati,normal,statewide,10000,agricultural_grid_sampling,,,
P012,21.180502155850025,77.93680935435142,66.03506874721846,50,Amravati,normal,statewide,10000,agricultural_grid_sampling,,,
P013,20.031287710246474,74.85705356209868,66.68385830618143,50,Aurangabad,normal,statewide,10000,agricultural_grid_sampling,,,
P014,19.7601847279892,75.14270330793386,85.08782451598688,50,Aurangabad,normal,statewide,10000,agricultural_grid_sampling,,,
P015,19.9408184174699,74.76157370651104,95.56201653676287,50,Aurangabad,normal,statewide,10000,agricultural_grid_sampling,,,
P016,19.669815239020505,75.14262315301636,77.4056690259502,50,Aurangabad,normal,statewide,10000,agricultural_grid_sampling,,,
P017,21.046131136234834,79.85576212821618,85.36095612019146,50,Bhandara,normal,statewide,10000,agricultural_grid_sampling,,,
P018,21.318973267091536,79.76852670875398,93.6692229775559,50,Bhandara,normal,statewide,10000,agricultural_grid_sampling,,,
P019,21.40901134730853,79.77144868545906,99.47713762931939,50,Bhandara,normal,statewide,10000,agricultural_grid_sampling,,,
P020,21.144195991476998,79.57074889165462,85.85047145350329,50,Bhandara,normal,statewide,10000,agricultural_grid_sampling,,,
P021,18.67502207052893,75.521081810597,51.44633385686805,50,Bid,normal,statewide,10000,agricultural_grid_sampling,,,
P022,18.85649753959961,75.04699078758388,82.31984060925934,50,Bid,normal,statewide,10000,agricultural_grid_sampling,,,
P023,19.12659772631419,75.6175618563342,93.05009595986145,50,Bid,normal,statewide,10000,agricultural_grid_sampling,,,
P024,18.763954589063196,75.9008463893539,90.81434601748435,50,Bid,normal,statewide,10000,agricultural_grid_sampling,,,
P025,20.93073456029869,76.20164565287975,71.83622932421717,50,Buldana,normal,statewide,10000,agricultural_grid_sampling,,,
P026,20.83894158281567,76.3931123543229,87.15237477752193,50,Buldana,normal,statewide,10000,agricultural_grid_sampling,,,
P027,20.657476146571263,76.48743080138584,94.91077137814725,50,Buldana,normal,statewide,10000,agricultural_grid_sampling,,,
P028,20.479670756724044,76.10221907121101,98.58702899660791,50,Buldana,normal,statewide,10000,agricultural_grid_sampling,,,
P029,20.323177928827498,79.92829249655269,90.9542448304996,50,Chandrapur,normal,statewide,10000,agricultural_grid_sampling,,,
P030,20.608720626357595,79.36304209869382,87.7266894276993,50,Chandrapur,normal,statewide,10000,agricultural_grid_sampling,,,
P031,20.511162275709236,79.64732536510962,68.57321381210129,50,Chandrapur,normal,statewide,10000,agricultural_grid_sampling,,,
P032,20.598620726520874,79.74569781208405,95.01872227309508,50,Chandrapur,normal,statewide,10000,agricultural_grid_sampling,,,
P033,21.386676285774506,75.14422306559996,63.20130137862966,50,Dhule,normal,statewide,10000,agricultural_grid_sampling,,,
P034,21.025151641024916,74.75989210805287,69.73625621270754,50,Dhule,normal,statewide,10000,agricultural_grid_sampling,,,
P035,21.477027866288793,74.85568815043625,86.24355575268308,50,Dhule,normal,statewide,10000,agricultural_grid_sampling,,,
P036,20.933821366195044,74.37533721048821,78.7983544207082,50,Dhule,normal,statewide,10000,agricultural_grid_sampling,,,
P037,19.96305648934773,79.91698225152022,54.18392846423596,50,Garhchiroli,normal,statewide,10000,agricultural_grid_sampling,,,
P038,19.062663486294852,79.88977036087834,98.29242989372683,50,Garhchiroli,normal,statewide,10000,agricultural_grid_sampling,,,
P039,19.5102708773346,79.99813736269648,73.77436518798226,50,Garhchiroli,normal,statewide,10000,agricultural_grid_sampling,,,
P040,19.870366050525327,80.00935348637442,82.09464359887203,50,Garhchiroli,normal,statewide,10000,agricultural_grid_sampling,,,
P041,21.127638757414868,80.1465030753413,87.47269970149769,50,Gondiya,normal,statewide,10000,agricultural_grid_sampling,,,
P042,21.397599492447725,80.1559185266907,63.863865875193824,50,Gondiya,normal,statewide,10000,agricultural_grid_sampling,,,
P043,21.574548942099884,80.25847219924674,83.44453708500495,50,Gondiya,normal,statewide,10000,agricultural_grid_sampling,,,
P044,21.211648522954743,80.34153007824501,61.93284918809571,50,Gondiya,normal,statewide,10000,agricultural_grid_sampling,,,
P045,19.655900982642777,77.24078878683389,96.89017376298243,50,Hingoli,normal,statewide,10000,agricultural_grid_sampling,,,
P046,19.566757131267178,77.14426875055685,60.48869942918448,50,Hingoli,normal,statewide,10000,agricultural_grid_sampling,,,
P047,19.478602595662014,76.95262565270444,87.45711856493875,50,Hingoli,normal,statewide,10000,agricultural_grid_sampling,,,
P048,19.927979877299958,77.14910067051288,93.3451113306074,50,Hingoli,normal,statewide,10000,agricultural_grid_sampling,,,
P049,21.292737814765466,76.10816953278638,75.67905797647028,50,Jalgaon,normal,statewide,10000,agricultural_grid_sampling,,,
P050,21.386177851701575,75.4336297095851,77.35275015476688,50,Jalgaon,normal,statewide,10000,agricultural_grid_sampling,,,
P051,21.112063082236514,76.10682249210329,62.21408709530929,50,Jalgaon,normal,statewide,10000,agricultural_grid_sampling,,,
P052,20.84443888079404,75.23982004099587,96.75082844009967,50,Jalgaon,normal,statewide,10000,agricultural_grid_sampling,,,
P053,19.4863682308192,76.00005244216331,56.013930383310964,50,Jalna,normal,statewide,10000,agricultural_grid_sampling,,,
P054,20.028500951051928,76.00343713743855,77.59706453865688,50,Jalna,normal,statewide,10000,agricultural_grid_sampling,,,
P055,19.75743876049047,76.0017307857574,86.28110799178269,50,Jalna,normal,statewide,10000,agricultural_grid_sampling,,,
P056,19.57768284625986,75.80994170504381,57.561802338615166,50,Jalna,normal,statewide,10000,agricultural_grid_sampling,,,
P057,16.776378898726694,74.29671238948691,69.47474842398007,50,Kolhapur,normal,statewide,10000,agricultural_grid_sampling,,,
P058,16.32441594312123,74.29834904236628,53.44537599204614,50,Kolhapur,normal,statewide,10000,agricultural_grid_sampling,,,
P059,16.595891585276657,74.39111512208495,56.881503456139704,50,Kolhapur,normal,statewide,10000,agricultural_grid_sampling,,,
P060,16.414810107926883,74.29802579292624,65.2092093793713,50,Kolhapur,normal,statewide,10000,agricultural_grid_sampling,,,
P061,18.507856195988794,76.91766150117878,68.31739848032561,50,Latur,high,priority,5000,priority_agricultural_grid,,,
P062,18.42240733096449,76.34875951203142,91.27658431506977,50,Latur,high,priority,5000,priority_agricultural_grid,,,
P063,18.235389972146614,77.05646593092125,97.12076302214521,50,Latur,high,priority,5000,priority_agricultural_grid,,,
P064,18.193054654779118,76.77240087437879,92.37861840750567,50,Latur,high,priority,5000,priority_agricultural_grid,,,
P065,18.3313574066324,76.44266953714255,98.44231495045095,50,Latur,high,priority,5000,priority_agricultural_grid,,,
P066,18.10473904318114,76.53529573488291,99.49597708522907,50,Latur,high,priority,5000,priority_agricultural_grid,,,
P067,18.280552688555268,77.0569977719007,99.59238092110944,50,Latur,high,priority,5000,priority_agricultural_grid,,,
P068,18.10182178118835,76.86595913358097,97.76327781756312,50,Latur,high,priority,5000,priority_agricultural_grid,,,
P069,18.595077104748384,77.2028433593965,98.09169152632396,50,Latur,high,priority,5000,priority_agricultural_grid,,,
P070,18.414990253737063,77.15322456154995,74.26158972055003,50,Latur,high,priority,5000,priority_agricultural_grid,,,
P071,18.14913758021374,76.63019555341555,97.96407557340663,50,Latur,high,priority,5000,priority_agricultural_grid,,,
P072,18.28339531825639,76.77331673398585,92.83509611680948,50,Latur,high,priority,5000,priority_agricultural_grid,,,
P073,17.96631489517353,76.86453107353908,84.05049903441746,50,Latur,high,priority,5000,priority_agricultural_grid,,,
P074,18.508330314740576,76.87031898541534,56.09810035526973,50,Latur,high,priority,5000,priority_agricultural_grid,,,
P075,18.41444799953777,77.20053313424823,75.92283973520473,50,Latur,high,priority,5000,priority_agricultural_grid,,,
P076,18.377875630536366,76.25376684114009,92.83217646666793,50,Latur,high,priority,5000,priority_agricultural_grid,,,
P077,18.05956253680126,76.5349028314077,91.2979900384302,50,Latur,high,priority,5000,priority_agricultural_grid,,,
P078,18.10088423096409,76.96042233853383,93.22743147658237,50,Latur,high,priority,5000,priority_agricultural_grid,,,
P079,18.73508509851779,76.77797630952156,89.89455909016093,50,Latur,high,priority,5000,priority_agricultural_grid,,,
P080,18.46791697073923,76.3017674870198,99.64040191847897,50,Latur,high,priority,5000,priority_agricultural_grid,,,
P081,18.10355816947669,76.67701623054641,89.20897124336106,50,Latur,high,priority,5000,priority_agricultural_grid,,,
P082,18.239076926736722,76.67831117252015,75.83620977236866,50,Latur,high,priority,5000,priority_agricultural_grid,,,
P083,18.36929014280681,77.19995973025816,78.01436422566387,50,Latur,high,priority,5000,priority_agricultural_grid,,,
P084,18.463624680619493,76.82249738663205,99.71711347469805,50,Latur,high,priority,5000,priority_agricultural_grid,,,
P085,18.147883987773707,76.77194494109243,96.28518953530082,50,Latur,high,priority,5000,priority_agricultural_grid,,,
P086,21.054129210651336,79.5679875883845,89.25624764003558,50,Nagpur,normal,statewide,10000,agricultural_grid_sampling,,,
P087,21.146766257753796,79.47473699641986,96.47028471711225,50,Nagpur,normal,statewide,10000,agricultural_grid_sampling,,,
P088,21.34780372122661,78.61442656106165,80.52763302355056,50,Nagpur,normal,statewide,10000,agricultural_grid_sampling,,,
P089,21.165375497165932,78.70615269573301,59.66145851918934,50,Nagpur,normal,statewide,10000,agricultural_grid_sampling,,,
P090,19.201967629201047,77.42470015177067,68.39273419509986,50,Nanded,normal,statewide,10000,agricultural_grid_sampling,,,
P091,18.566036353278363,77.69964084605576,91.6675382063239,50,Nanded,normal,statewide,10000,agricultural_grid_sampling,,,
P092,19.736598780066394,77.90946370206285,87.17326671291109,50,Nanded,normal,statewide,10000,agricultural_grid_sampling,,,
P093,18.935648858652954,77.04115567161334,93.11136445976949,50,Nanded,normal,statewide,10000,agricultural_grid_sampling,,,
P094,21.564917417520082,74.08292752470004,78.56310478511953,50,Nandurbar,normal,statewide,10000,agricultural_grid_sampling,,,
P095,21.566260131807255,74.37266561114595,96.77195718839232,50,Nandurbar,normal,statewide,10000,agricultural_grid_sampling,,,
P096,21.385180211602837,74.27697623669957,94.81632588414685,50,Nandurbar,normal,statewide,10000,agricultural_grid_sampling,,,
P097,21.565420953465182,74.17950433296862,95.2286360059037,50,Nandurbar,normal,statewide,10000,agricultural_grid_sampling,,,
P098,20.29955470659202,73.99482828423106,50.325530748244915,50,Nashik,normal,statewide,10000,agricultural_grid_sampling,,,
P099,20.120253643724507,74.28296490318493,93.37506485273359,50,Nashik,normal,statewide,10000,agricultural_grid_sampling,,,
P100,20.38990406751678,73.99424378044131,54.56639207669084,50,Nashik,normal,statewide,10000,agricultural_grid_sampling,,,
P101,20.0290171395562,74.09216437851921,75.93456800681305,50,Nashik,normal,statewide,10000,agricultural_grid_sampling,,,
P102,17.857493423161223,76.36802639219735,94.4715734704246,50,Osmanabad,normal,statewide,10000,agricultural_grid_sampling,,,
P103,17.76645032706721,76.46164732334272,99.96398076081543,50,Osmanabad,normal,statewide,10000,agricultural_grid_sampling,,,
P104,17.94909369090641,76.17989716380863,83.69146340843812,50,Osmanabad,normal,statewide,10000,agricultural_grid_sampling,,,
P105,18.58435973877444,75.61558097081678,96.0740528075646,50,Osmanabad,normal,statewide,10000,agricultural_grid_sampling,,,
P106,19.03138997943809,76.47235839455523,63.68191479086417,50,Parbhani,normal,statewide,10000,agricultural_grid_sampling,,,
P107,19.120950439190743,76.56820430427678,92.32667700544064,50,Parbhani,normal,statewide,10000,agricultural_grid_sampling,,,
P108,19.20862693926256,76.8543265690433,72.67340153627146,50,Parbhani,normal,statewide,10000,agricultural_grid_sampling,,,
P109,19.212081250319223,76.47395986197544,83.75350902950677,50,Parbhani,normal,statewide,10000,agricultural_grid_sampling,,,
P110,18.133444010013253,75.04679403290585,76.21456987051111,50,Pune,normal,statewide,10000,agricultural_grid_sampling,,,
P111,18.58464538564485,74.47919354725165,78.10190215282077,50,Pune,normal,statewide,10000,agricultural_grid_sampling,,,
P112,18.132980814974324,74.57507660981437,66.05952773923671,50,Pune,normal,statewide,10000,agricultural_grid_sampling,,,
P113,18.314072296666144,74.76389622640646,67.3534789980305,50,Pune,normal,statewide,10000,agricultural_grid_sampling,,,
P114,18.485032306916423,73.05892228360682,66.29741688846539,50,Raigarh,normal,statewide,10000,agricultural_grid_sampling,,,
P115,18.665689834631397,73.05687599164844,90.2697368719168,50,Raigarh,normal,statewide,10000,agricultural_grid_sampling,,,
P116,18.3061985346248,73.2500988874055,58.221472314125535,50,Raigarh,normal,statewide,10000,agricultural_grid_sampling,,,
P117,18.21403916541149,73.06194778248802,66.96949429993379,50,Raigarh,normal,statewide,10000,agricultural_grid_sampling,,,
P118,17.138720997929042,75.42259975145441,58.77822320443079,50,Sangli,normal,statewide,10000,agricultural_grid_sampling,,,
P119,17.04876260195439,74.9534842990718,66.2051091548469,50,Sangli,normal,statewide,10000,agricultural_grid_sampling,,,
P120,16.86706971713336,74.39025348558496,64.00476985967975,50,Sangli,normal,statewide,10000,agricultural_grid_sampling,,,
P121,17.048502455833038,74.67157288401357,68.98466564111858,50,Sangli,normal,statewide,10000,agricultural_grid_sampling,,,
P122,17.88145913779893,73.84414614882726,76.35869028997944,50,Satara,high,priority,5000,priority_agricultural_grid,,,
P123,17.38641260388394,74.27088773470784,63.38439355154875,50,Satara,high,priority,5000,priority_agricultural_grid,,,
P124,17.43262751534812,74.64735201634261,50.355912944656154,50,Satara,high,priority,5000,priority_agricultural_grid,,,
P125,17.567348437354763,74.31728131835848,79.82015775568429,50,Satara,high,priority,5000,priority_agricultural_grid,,,
P126,17.205082382474966,74.1305384631723,65.6365716990181,50,Satara,high,priority,5000,priority_agricultural_grid,,,
P127,17.657731955249755,74.3169413996194,82.73406733763137,50,Satara,high,priority,5000,priority_agricultural_grid,,,
P128,18.019948584413015,74.55173087225268,74.00024992187645,50,Satara,high,priority,5000,priority_agricultural_grid,,,
P129,18.06323481607527,74.03192812643125,76.77013118683456,50,Satara,high,priority,5000,priority_agricultural_grid,,,
P130,17.611359998103804,74.03436716610639,81.15193852980063,50,Satara,high,priority,5000,priority_agricultural_grid,,,
P131,17.612540300385028,74.3171116124233,76.2434212780096,50,Satara,high,priority,5000,priority_agricultural_grid,,,
P132,17.702177456221428,74.12817780572122,83.45904908645882,50,Satara,high,priority,5000,priority_agricultural_grid,,,
P133,17.250064948613193,74.08329657776991,57.22544937334382,50,Satara,high,priority,5000,priority_agricultural_grid,,,
P134,17.4764289480397,74.17634929516423,75.13903427007247,50,Satara,high,priority,5000,priority_agricultural_grid,,,
P135,17.882715946991155,74.08010584957506,75.32721325355224,50,Satara,high,priority,5000,priority_agricultural_grid,,,
P136,17.928522360964205,74.22149301456467,72.69563496770446,50,Satara,high,priority,5000,priority_agricultural_grid,,,
P137,17.746686666064683,73.98648592377798,72.25762976619947,50,Satara,high,priority,5000,priority_agricultural_grid,,,
P138,17.612697661693186,74.3642376648234,68.71243787262223,50,Satara,high,priority,5000,priority_agricultural_grid,,,
P139,17.656773870174835,74.08126072778265,63.033982207254745,50,Satara,high,priority,5000,priority_agricultural_grid,,,
P140,17.97464193112085,74.50462234463598,82.19555886976848,50,Satara,high,priority,5000,priority_agricultural_grid,,,
P141,17.43082654622359,74.08239854381202,52.123771180666104,50,Satara,high,priority,5000,priority_agricultural_grid,,,
P142,18.06444740500827,74.31538657772978,59.282112709681144,50,Satara,high,priority,5000,priority_agricultural_grid,,,
P143,17.703793474650972,74.64682641823396,70.57224947311028,50,Satara,high,priority,5000,priority_agricultural_grid,,,
P144,17.929450207288724,74.50474815764584,68.8285260931488,50,Satara,high,priority,5000,priority_agricultural_grid,,,
P145,17.477733213849028,74.60017174272562,75.92604136724543,50,Satara,high,priority,5000,priority_agricultural_grid,,,
P146,17.839180037893755,74.55218548644707,50.137730833572334,50,Satara,high,priority,5000,priority_agricultural_grid,,,
P147,17.927233301558573,73.94769952894042,93.04191707913613,50,Satara,case_study,case_study,1000,local_agricultural_maximum,17.941,73.958,5000
P148,17.678528822958707,76.08384115882944,55.910178568368565,50,Solapur,normal,statewide,10000,agricultural_grid_sampling,,,
P149,18.223363044642113,75.42514222116392,64.11101180615962,50,Solapur,normal,statewide,10000,agricultural_grid_sampling,,,
P150,17.952534780331796,75.2356193117337,82.65604863638994,50,Solapur,normal,statewide,10000,agricultural_grid_sampling,,,
P151,18.223689191803363,75.23598159561087,92.29295849414747,50,Solapur,normal,statewide,10000,agricultural_grid_sampling,,,
P152,19.658177111981193,72.94986194150268,64.61484466267567,50,Thane,normal,statewide,10000,agricultural_grid_sampling,,,
P153,19.657064286865232,72.85453325464725,66.44293800144854,50,Thane,normal,statewide,10000,agricultural_grid_sampling,,,
P154,19.47755079590927,72.95214532231272,73.22366512272855,50,Thane,normal,statewide,10000,agricultural_grid_sampling,,,
P155,19.839872430433584,73.042995386532,85.92056663169345,50,Thane,normal,statewide,10000,agricultural_grid_sampling,,,
P156,20.806749699755528,78.6013545415956,61.45116270586617,50,Wardha,normal,statewide,10000,agricultural_grid_sampling,,,
P157,20.710310837958872,78.88671090930701,96.24080943284277,50,Wardha,normal,statewide,10000,agricultural_grid_sampling,,,
P158,21.08126314953248,78.41566088966675,88.76240965291574,50,Wardha,normal,statewide,10000,agricultural_grid_sampling,,,
P159,20.439853581262913,78.87985974547199,98.62740748828462,50,Wardha,normal,statewide,10000,agricultural_grid_sampling,,,
P160,20.28918680789524,77.15403974427241,85.8741161847427,50,Washim,normal,statewide,10000,agricultural_grid_sampling,,,
P161,20.46460591610062,77.53975984526286,94.62275713939606,50,Washim,normal,statewide,10000,agricultural_grid_sampling,,,
P162,20.107393090303812,77.24714881804998,100.0,50,Washim,normal,statewide,10000,agricultural_grid_sampling,,,
P163,20.198886571511135,77.15279486906634,62.06159851804076,50,Washim,normal,statewide,10000,agricultural_grid_sampling,,,
P164,20.182852581037974,78.20447461347914,58.37585953159914,50,Yavatmal,normal,statewide,10000,agricultural_grid_sampling,,,
P165,19.8946577071307,79.05709784207775,69.62666463090717,50,Yavatmal,normal,statewide,10000,agricultural_grid_sampling,,,
P166,19.468789243088487,77.71426452982116,78.96010282410553,50,Yavatmal,normal,statewide,10000,agricultural_grid_sampling,,,
P167,19.559059046551575,77.7157725760002,93.25361344174006,50,Yavatmal,normal,statewide,10000,agricultural_grid_sampling,,,
