Run,MAE,RMSE,R2,max_depth,max_features,min_samples_leaf,min_samples_split,n_estimators
206,0.047103860945160746,0.07018442979254895,0.8924412578993979,30.0,0.8,2,8,500
125,0.04709852593810263,0.07020020421258656,0.8923929033725788,20.0,0.8,2,8,500
47,0.0471092973821773,0.07021758549158036,0.8923396106354852,,0.8,4,2,500
50,0.0471092973821773,0.07021758549158036,0.8923396106354852,,0.8,4,4,500
53,0.0471092973821773,0.07021758549158036,0.8923396106354852,,0.8,4,8,500
293,0.047114244842257395,0.07022940535302002,0.8923033622233615,40.0,0.8,4,4,500
290,0.047114244842257395,0.07022940535302004,0.8923033622233614,40.0,0.8,4,2,500
296,0.047114244842257395,0.07022940535302004,0.8923033622233614,40.0,0.8,4,8,500
54,0.04711399494623551,0.07023487682661557,0.892286580584356,,0.8,4,8,700
48,0.04711399494623551,0.07023487682661557,0.892286580584356,,0.8,4,2,700
51,0.04711399494623551,0.07023487682661557,0.892286580584356,,0.8,4,4,700
297,0.04711627856587674,0.07024064409834845,0.8922688902831192,40.0,0.8,4,8,700
291,0.04711627856587674,0.07024064409834845,0.8922688902831192,40.0,0.8,4,2,700
294,0.04711627856587674,0.07024064409834845,0.8922688902831192,40.0,0.8,4,4,700
52,0.04714317408080238,0.07024763612305465,0.8922474412750251,,0.8,4,8,300
49,0.04714317408080238,0.07024763612305465,0.8922474412750251,,0.8,4,4,300
46,0.04714317408080238,0.07024763612305465,0.8922474412750251,,0.8,4,2,300
126,0.047117241815324826,0.07025599525366552,0.8922217956774708,20.0,0.8,2,8,700
180,0.0473208568834128,0.07025802597965265,0.892215565001705,30.0,0.6,2,8,700
93,0.047362739694613215,0.07026349268069468,0.8921987911684413,20.0,0.6,2,2,700
96,0.047362739694613215,0.07026349268069468,0.8921987911684413,20.0,0.6,2,4,700
207,0.047117676425677144,0.0702651927462752,0.8921935744809459,30.0,0.8,2,8,700
295,0.04715075588668293,0.07026738198070241,0.89218685658249,40.0,0.8,4,8,300
289,0.04715075588668293,0.07026738198070241,0.89218685658249,40.0,0.8,4,2,300
292,0.047150755886682924,0.07026738198070241,0.89218685658249,40.0,0.8,4,4,300
179,0.0473026895253629,0.07026916361981603,0.8921813892790835,30.0,0.6,2,8,500
205,0.0471842394428446,0.07028290233257523,0.8921392247319629,30.0,0.8,2,8,300
131,0.047138172028613444,0.0702837332694128,0.8921366742959868,20.0,0.8,4,4,500
128,0.047138172028613444,0.0702837332694128,0.8921366742959868,20.0,0.8,4,2,500
134,0.047138172028613444,0.0702837332694128,0.8921366742959868,20.0,0.8,4,8,500
178,0.047324180614402404,0.0702840349450966,0.8921357483402682,30.0,0.6,2,8,300
287,0.04721422724027069,0.07028971934696497,0.8921183000378498,40.0,0.8,2,8,500
129,0.047151027223192664,0.07029203838316254,0.8921111813383684,20.0,0.8,4,2,700
135,0.04715102722319267,0.07029203838316254,0.8921111813383684,20.0,0.8,4,8,700
132,0.047151027223192664,0.07029203838316254,0.8921111813383684,20.0,0.8,4,4,700
213,0.04715781280732466,0.07029614086010573,0.8920985874709176,30.0,0.8,4,4,700
216,0.04715781280732465,0.07029614086010573,0.8920985874709176,30.0,0.8,4,8,700
210,0.04715781280732465,0.07029614086010573,0.8920985874709176,30.0,0.8,4,2,700
92,0.04736522052960323,0.0702975680107296,0.8920942062024869,20.0,0.6,2,2,500
95,0.04736522052960322,0.0702975680107296,0.8920942062024869,20.0,0.6,2,4,500
212,0.04716420713266536,0.07030455976494913,0.8920727406431779,30.0,0.8,4,4,500
209,0.047164207132665364,0.07030455976494913,0.8920727406431779,30.0,0.8,4,2,500
215,0.04716420713266535,0.07030455976494913,0.8920727406431779,30.0,0.8,4,8,500
44,0.04720623924134647,0.07030597663829113,0.892068390404784,,0.8,2,8,500
174,0.047436832826118235,0.07030639452446291,0.8920671073485391,30.0,0.6,2,2,700
177,0.047436832826118235,0.07030639452446291,0.8920671073485391,30.0,0.6,2,4,700
43,0.04719383323227534,0.07030704167721172,0.8920651203489182,,0.8,2,8,300
123,0.04712966954937477,0.07030845612070738,0.8920607774176689,20.0,0.8,2,4,700
120,0.04712966954937477,0.07030845612070738,0.8920607774176689,20.0,0.8,2,2,700
176,0.04745512001187622,0.07031614779347312,0.8920371592460341,30.0,0.6,2,4,500
173,0.04745512001187622,0.07031614779347312,0.8920371592460341,30.0,0.6,2,2,500
286,0.047215011615160715,0.07032046611367863,0.8920238982114862,40.0,0.8,2,8,300
288,0.047186037745954715,0.07032703064279569,0.8920037377834431,40.0,0.8,2,8,700
14,0.04743786643268145,0.07033433711091913,0.8919812965619238,,0.6,2,4,500
11,0.04743786643268145,0.07033433711091913,0.8919812965619238,,0.6,2,2,500
119,0.0471633023428489,0.07033478337908623,0.8919799258100632,20.0,0.8,2,2,500
122,0.04716330234284889,0.07033478337908623,0.8919799258100632,20.0,0.8,2,4,500
99,0.04732346257095248,0.07034105366639527,0.891960665152423,20.0,0.6,2,8,700
124,0.047206421472164764,0.0703440105902742,0.8919515816716654,20.0,0.8,2,8,300
45,0.04718159099605872,0.07034881424303516,0.8919368243440599,,0.8,2,8,700
12,0.047450402606959784,0.07035077611434286,0.8919307969787884,,0.6,2,2,700
15,0.047450402606959784,0.07035077611434287,0.8919307969787884,,0.6,2,4,700
270,0.04737481591020404,0.0703572070946751,0.8919110382007575,40.0,0.6,4,8,700
264,0.04737481591020404,0.0703572070946751,0.8919110382007575,40.0,0.6,4,2,700
267,0.04737481591020404,0.0703572070946751,0.8919110382007575,40.0,0.6,4,4,700
21,0.047375633572975605,0.07035997308572299,0.8919025393137235,,0.6,4,2,700
24,0.047375633572975605,0.07035997308572299,0.8919025393137235,,0.6,4,4,700
27,0.047375633572975605,0.07035997308572299,0.8919025393137235,,0.6,4,8,700
121,0.04722290569177469,0.07036921576875116,0.8918741374782926,20.0,0.8,2,4,300
118,0.04722290569177469,0.07036921576875116,0.8918741374782926,20.0,0.8,2,2,300
97,0.047302054496787115,0.07036984940158669,0.891872190251666,20.0,0.6,2,8,300
98,0.047307334808020705,0.07037008164416435,0.8918714765391058,20.0,0.6,2,8,500
239,0.04711333542460027,0.07037220873159057,0.8918649396048461,30.0,1.0,4,4,500
236,0.04711333542460028,0.07037220873159059,0.8918649396048461,30.0,1.0,4,2,500
242,0.04711333542460028,0.07037220873159059,0.8918649396048461,30.0,1.0,4,8,500
172,0.04754382463650617,0.07037337329605123,0.8918613605985155,30.0,0.6,2,2,300
175,0.04754382463650617,0.07037337329605123,0.8918613605985155,30.0,0.6,2,4,300
258,0.047447275980299033,0.07037533000100099,0.8918553470072172,40.0,0.6,2,4,700
255,0.047447275980299033,0.07037533000100099,0.8918553470072172,40.0,0.6,2,2,700
160,0.04708339507251678,0.07037552971660119,0.8918547332067583,20.0,1.0,4,8,300
157,0.04708339507251678,0.07037552971660119,0.8918547332067583,20.0,1.0,4,4,300
154,0.04708339507251677,0.07037552971660119,0.8918547332067583,20.0,1.0,4,2,300
259,0.047420965216454496,0.07038097441856178,0.8918379989377332,40.0,0.6,2,8,300
16,0.04742691072663128,0.07038652372433729,0.8918209418371466,,0.6,2,8,300
133,0.04715859444493743,0.07038921865101976,0.891812657859022,20.0,0.8,4,8,300
127,0.04715859444493743,0.07038921865101976,0.891812657859022,20.0,0.8,4,2,300
130,0.04715859444493743,0.07038921865101976,0.891812657859022,20.0,0.8,4,4,300
186,0.0474098755895184,0.07039031104722182,0.8918092998345688,30.0,0.6,4,4,700
189,0.0474098755895184,0.07039031104722182,0.8918092998345688,30.0,0.6,4,8,700
183,0.0474098755895184,0.07039031104722182,0.8918092998345688,30.0,0.6,4,2,700
79,0.04707565432591804,0.07039151969817449,0.8918055843824408,,1.0,4,8,300
73,0.04707565432591804,0.07039151969817449,0.8918055843824408,,1.0,4,2,300
76,0.04707565432591804,0.07039151969817449,0.8918055843824408,,1.0,4,4,300
260,0.047389983022293844,0.07039232844521598,0.8918030982188638,40.0,0.6,2,8,500
322,0.0470748709146584,0.0703930411323892,0.891800907328574,40.0,1.0,4,8,300
319,0.047074870914658395,0.0703930411323892,0.891800907328574,40.0,1.0,4,4,300
316,0.047074870914658395,0.0703930411323892,0.891800907328574,40.0,1.0,4,2,300
261,0.04738956663056968,0.07039350224935957,0.8917994897850094,40.0,0.6,2,8,700
77,0.04710003040295276,0.07039679834710796,0.8917893568097682,,1.0,4,4,500
80,0.04710003040295276,0.07039679834710796,0.8917893568097682,,1.0,4,8,500
74,0.04710003040295276,0.07039679834710796,0.8917893568097682,,1.0,4,2,500
78,0.04709842264910671,0.07039824272956509,0.8917849162908298,,1.0,4,4,700
75,0.04709842264910671,0.07039824272956509,0.8917849162908298,,1.0,4,2,700
81,0.04709842264910671,0.07039824272956509,0.8917849162908298,,1.0,4,8,700
323,0.047101514264273205,0.07039886046181064,0.8917830171456989,40.0,1.0,4,8,500
317,0.047101514264273205,0.07039886046181064,0.8917830171456989,40.0,1.0,4,2,500
320,0.047101514264273205,0.07039886046181064,0.8917830171456989,40.0,1.0,4,4,500
324,0.04710090712756382,0.07040128229787455,0.8917755713348394,40.0,1.0,4,8,700
318,0.04710090712756382,0.07040128229787455,0.8917755713348394,40.0,1.0,4,2,700
321,0.04710090712756382,0.07040128229787455,0.8917755713348394,40.0,1.0,4,4,700
18,0.04738939421974084,0.07040161047414066,0.891774562354022,,0.6,2,8,700
188,0.0473959031376521,0.0704022913263364,0.891772469052955,30.0,0.6,4,8,500
182,0.0473959031376521,0.0704022913263364,0.891772469052955,30.0,0.6,4,2,500
185,0.0473959031376521,0.0704022913263364,0.8917724690529549,30.0,0.6,4,4,500
17,0.04739108248750795,0.07040326602048881,0.8917694722904979,,0.6,2,8,500
254,0.047456971046719115,0.07041256707647835,0.8917408734839285,40.0,0.6,2,2,500
257,0.047456971046719115,0.07041256707647835,0.8917408734839285,40.0,0.6,2,4,500
181,0.04741127328269393,0.07041279149376012,0.8917401834009326,30.0,0.6,4,2,300
187,0.04741127328269393,0.07041279149376012,0.8917401834009326,30.0,0.6,4,8,300
184,0.04741127328269393,0.07041279149376012,0.8917401834009326,30.0,0.6,4,4,300
204,0.04720713064906429,0.07041729100352617,0.8917263469471991,30.0,0.8,2,4,700
201,0.04720713064906429,0.07041729100352617,0.8917263469471991,30.0,0.8,2,2,700
240,0.04712796736171541,0.07041958591249294,0.8917192895264241,30.0,1.0,4,4,700
237,0.04712796736171541,0.07041958591249295,0.8917192895264241,30.0,1.0,4,2,700
243,0.04712796736171541,0.07041958591249295,0.8917192895264241,30.0,1.0,4,8,700
171,0.0475147494257393,0.0704231249698874,0.8917084055862932,30.0,0.6,1,8,700
263,0.04740752039723556,0.07042895041467082,0.8916904889489371,40.0,0.6,4,2,500
269,0.047407520397235565,0.07042895041467082,0.8916904889489371,40.0,0.6,4,8,500
266,0.04740752039723555,0.07042895041467082,0.8916904889489371,40.0,0.6,4,4,500
91,0.04741659110566692,0.07043246624301894,0.8916796750108666,20.0,0.6,2,2,300
94,0.04741659110566693,0.07043246624301894,0.8916796750108666,20.0,0.6,2,4,300
20,0.04741034766272959,0.07043391058134003,0.8916752323778359,,0.6,4,2,500
26,0.0474103476627296,0.07043391058134005,0.8916752323778359,,0.6,4,8,500
23,0.04741034766272959,0.07043391058134005,0.8916752323778359,,0.6,4,4,500
214,0.04727582302872251,0.07043547791151449,0.8916704113317075,30.0,0.8,4,8,300
208,0.04727582302872251,0.07043547791151449,0.8916704113317075,30.0,0.8,4,2,300
211,0.04727582302872251,0.07043547791151449,0.8916704113317075,30.0,0.8,4,4,300
252,0.047494423365649095,0.07043730126664204,0.8916648026278711,40.0,0.6,1,8,700
10,0.047516811678801806,0.07043736014703574,0.8916646215073106,,0.6,2,2,300
13,0.047516811678801806,0.07043736014703574,0.8916646215073106,,0.6,2,4,300
104,0.04738741760221093,0.07044018147568012,0.8916559427088089,20.0,0.6,4,4,500
107,0.04738741760221094,0.07044018147568012,0.8916559427088089,20.0,0.6,4,8,500
101,0.047387417602210935,0.07044018147568012,0.8916559427088089,20.0,0.6,4,2,500
253,0.04751439223203519,0.07044197704328688,0.8916504191126158,40.0,0.6,2,2,300
256,0.04751439223203519,0.07044197704328689,0.8916504191126158,40.0,0.6,2,4,300
170,0.04754060037487357,0.070442234537948,0.8916496269857965,30.0,0.6,1,8,500
9,0.04752861922398279,0.0704434571221908,0.8916458659294031,,0.6,1,8,700
84,0.04759280940117793,0.07044918548580348,0.8916282427989903,20.0,0.6,1,2,700
105,0.04740325653958123,0.07046336811882073,0.8915846042086172,20.0,0.6,4,4,700
102,0.047403256539581225,0.07046336811882073,0.8915846042086172,20.0,0.6,4,2,700
108,0.047403256539581225,0.07046336811882073,0.8915846042086172,20.0,0.6,4,8,700
203,0.047238090285054726,0.0704664659002999,0.8915750714656748,30.0,0.8,2,4,500
200,0.047238090285054726,0.0704664659002999,0.8915750714656747,30.0,0.8,2,2,500
238,0.04713952004470151,0.07046668285259716,0.8915744038268699,30.0,1.0,4,4,300
235,0.04713952004470151,0.07046668285259716,0.8915744038268699,30.0,1.0,4,2,300
241,0.04713952004470151,0.07046668285259716,0.8915744038268699,30.0,1.0,4,8,300
162,0.047158579822873206,0.07047063823525869,0.8915622313577778,20.0,1.0,4,8,700
156,0.047158579822873206,0.07047063823525869,0.8915622313577778,20.0,1.0,4,2,700
159,0.047158579822873206,0.07047063823525869,0.8915622313577778,20.0,1.0,4,4,700
169,0.047527242412858876,0.070472481015792,0.8915565600703641,30.0,0.6,1,8,300
268,0.047472156159673616,0.07047386646451793,0.8915522961562699,40.0,0.6,4,8,300
265,0.047472156159673616,0.07047386646451793,0.8915522961562699,40.0,0.6,4,4,300
262,0.047472156159673616,0.07047386646451793,0.8915522961562699,40.0,0.6,4,2,300
161,0.04714260106695335,0.07047836577889359,0.8915384483027787,20.0,1.0,4,8,500
158,0.04714260106695335,0.0704783657788936,0.8915384483027787,20.0,1.0,4,4,500
155,0.04714260106695335,0.0704783657788936,0.8915384483027787,20.0,1.0,4,2,500
42,0.04732854508636624,0.07047892907793826,0.8915367145357728,,0.8,2,4,700
39,0.04732854508636624,0.07047892907793826,0.8915367145357728,,0.8,2,2,700
19,0.0474795079871756,0.07048190848928901,0.8915275440339332,,0.6,4,2,300
25,0.047479507987175595,0.07048190848928901,0.8915275440339332,,0.6,4,8,300
22,0.047479507987175595,0.07048190848928901,0.8915275440339332,,0.6,4,4,300
199,0.047271803619271066,0.07048314076686239,0.8915237510224729,30.0,0.8,2,2,300
202,0.047271803619271066,0.07048314076686239,0.8915237510224729,30.0,0.8,2,4,300
40,0.04735364210320528,0.07048421925065379,0.8915204313414812,,0.8,2,4,300
37,0.04735364210320528,0.07048421925065379,0.8915204313414812,,0.8,2,2,300
117,0.04731604212214989,0.07048789095301372,0.8915091290934933,20.0,0.8,1,8,700
146,0.04718453681155129,0.07048903416129432,0.8915056099452798,20.0,1.0,2,2,500
149,0.04718453681155129,0.07048903416129432,0.8915056099452798,20.0,1.0,2,4,500
116,0.04737768860815777,0.07049043003204646,0.8915013129465439,20.0,0.8,1,8,500
285,0.04736129775590528,0.07049865077925117,0.8914760047653365,40.0,0.8,2,4,700
282,0.04736129775590527,0.07049865077925117,0.8914760047653365,40.0,0.8,2,2,700
148,0.04718957444859756,0.07050180877158597,0.8914662818666046,20.0,1.0,2,4,300
145,0.04718957444859756,0.07050180877158597,0.8914662818666046,20.0,1.0,2,2,300
38,0.047343987833420226,0.07050697027653993,0.8914503895699424,,0.8,2,2,500
41,0.047343987833420226,0.07050697027653995,0.8914503895699424,,0.8,2,4,500
87,0.0475963648589993,0.0705072269127112,0.8914495993556699,20.0,0.6,1,4,700
90,0.04750357620533688,0.07051147398212053,0.891436521689985,20.0,0.6,1,8,700
85,0.04764058296106592,0.07052904859883564,0.891382397185489,20.0,0.6,1,4,300
280,0.047400437607228944,0.0705310285105418,0.8913762988108165,40.0,0.8,2,2,300
283,0.04740043760722894,0.0705310285105418,0.8913762988108165,40.0,0.8,2,4,300
281,0.04740552648173242,0.0705362847118789,0.891360108225483,40.0,0.8,2,2,500
284,0.04740552648173242,0.0705362847118789,0.891360108225483,40.0,0.8,2,4,500
100,0.04744407860400444,0.07054231930010411,0.8913415185008184,20.0,0.6,4,2,300
106,0.04744407860400444,0.07054231930010411,0.8913415185008184,20.0,0.6,4,8,300
103,0.04744407860400444,0.07054231930010411,0.8913415185008184,20.0,0.6,4,4,300
86,0.047613671418103076,0.07054443334596128,0.8913350057448741,20.0,0.6,1,4,500
111,0.04743412177861901,0.07054852316713087,0.8913224056499983,20.0,0.8,1,2,700
83,0.047641055448157645,0.07055698315997455,0.891296339426188,20.0,0.6,1,2,500
153,0.04722482418479694,0.07056738030035477,0.8912643003439943,20.0,1.0,2,8,700
147,0.04719984501401658,0.07057114465710992,0.8912526992081381,20.0,1.0,2,2,700
150,0.04719984501401658,0.07057114465710992,0.8912526992081381,20.0,1.0,2,4,700
114,0.04745167019436997,0.07057178176495829,0.8912507356840405,20.0,0.8,1,4,700
113,0.047471497409691206,0.07057210308876581,0.8912497453786704,20.0,0.8,1,4,500
227,0.047318149446724724,0.0705782576428002,0.8912307764525914,30.0,1.0,2,2,500
230,0.04731814944672472,0.0705782576428002,0.8912307764525914,30.0,1.0,2,4,500
249,0.04772356621402916,0.07058312451319046,0.8912157751198044,40.0,0.6,1,4,700
229,0.04735805483236835,0.07058322183744477,0.8912154751231426,30.0,1.0,2,4,300
226,0.04735805483236835,0.07058322183744477,0.8912154751231426,30.0,1.0,2,2,300
248,0.04773608513871956,0.07059455140455405,0.891180549528703,40.0,0.6,1,4,500
247,0.047782345188757014,0.07059610264624917,0.891175767088129,40.0,0.6,1,4,300
152,0.047239721748608576,0.07060017218573508,0.8911632202969944,20.0,1.0,2,8,500
278,0.047488167966569655,0.07060179925300161,0.8911582036859371,40.0,0.8,1,8,500
168,0.0476388093003737,0.07060300487648591,0.8911544864054287,30.0,0.6,1,4,700
88,0.04753108899265628,0.07060351580533122,0.891152911047159,20.0,0.6,1,8,300
251,0.04756720893531659,0.07060424921139462,0.8911506497000085,40.0,0.6,1,8,500
82,0.047724857686397074,0.07060467141942713,0.8911493478744681,20.0,0.6,1,2,300
8,0.047606585430725386,0.07060491084815664,0.8911486096225363,,0.6,1,8,500
89,0.0475570542684593,0.07060605829379968,0.8911450715664139,20.0,0.6,1,8,500
115,0.04742641035796605,0.07060614057003184,0.8911448178720767,20.0,0.8,1,8,300
151,0.04725757382426768,0.07060730736650983,0.891141220086061,20.0,1.0,2,8,300
166,0.04768668656135086,0.07060737870050257,0.8911410001276564,30.0,0.6,1,4,300
279,0.0474611078147067,0.07060749828262325,0.8911406313956253,40.0,0.8,1,8,700
110,0.047494212032446914,0.07061445118676082,0.8911191910092868,20.0,0.8,1,2,500
167,0.047640896753373706,0.07061536929142322,0.8911163597296677,30.0,0.6,1,4,500
3,0.04768263317551638,0.0706187342082876,0.8911059825800349,,0.6,1,2,700
228,0.04731496629481974,0.0706189445827545,0.8911053337846341,30.0,1.0,2,2,700
231,0.04731496629481974,0.0706189445827545,0.8911053337846341,30.0,1.0,2,4,700
35,0.04748953405275004,0.07062632187875278,0.8910825809623868,,0.8,1,8,500
233,0.047322469556913625,0.07063196190151932,0.891065184579998,30.0,1.0,2,8,500
33,0.04754622812774445,0.07063299658582983,0.8910619929945764,,0.8,1,4,700
36,0.04747285068488214,0.07063310102203739,0.8910616708482348,,0.8,1,8,700
72,0.047259573749424154,0.07063658601648984,0.8910509206805912,,1.0,2,8,700
315,0.04728031219711226,0.07063681750009858,0.8910502066039689,40.0,1.0,2,8,700
250,0.04764474660778371,0.07064170314265504,0.8910351349126312,40.0,0.6,1,8,300
197,0.04749940524393337,0.07064577074224491,0.8910225860022443,30.0,0.8,1,8,500
314,0.04730913152646944,0.07064679549724116,0.8910194244270148,40.0,1.0,2,8,500
32,0.04752818822885001,0.07065380301602787,0.8909978035933857,,0.8,1,4,500
234,0.04732091701738549,0.0706548494766468,0.8909945746843738,30.0,1.0,2,8,700
198,0.04749543995402957,0.07065667979700392,0.8909889270201385,30.0,0.8,1,8,700
71,0.047291655757781416,0.0706578719170359,0.8909852485178236,,1.0,2,8,500
232,0.04731841534005218,0.07065854942938446,0.8909831579030795,30.0,1.0,2,8,300
277,0.04751457511292467,0.07066418218333403,0.890965776014296,40.0,0.8,1,8,300
6,0.04774148917527756,0.07066519611549271,0.8909626470146863,,0.6,1,4,700
7,0.04771448815654224,0.07066916729375201,0.8909503915068467,,0.6,1,8,300
165,0.047736224705422284,0.07067227716743923,0.8909407936020477,30.0,0.6,1,2,700
69,0.047339521851009245,0.07067595812977173,0.8909294326186064,,1.0,2,4,700
66,0.047339521851009245,0.07067595812977175,0.8909294326186064,,1.0,2,2,700
196,0.04753788249002523,0.07068143472884798,0.8909125284569138,30.0,0.8,1,8,300
312,0.04735744895641104,0.07068571345147802,0.8908993207691379,40.0,1.0,2,4,700
309,0.04735744895641104,0.07068571345147802,0.890899320769138,40.0,1.0,2,2,700
307,0.047405282062857504,0.07068584214628798,0.8908989234978004,40.0,1.0,2,2,300
310,0.047405282062857504,0.07068584214628798,0.8908989234978004,40.0,1.0,2,4,300
308,0.047377398701264783,0.07069073110235506,0.8908838311172175,40.0,1.0,2,2,500
311,0.047377398701264783,0.07069073110235508,0.8908838311172175,40.0,1.0,2,4,500
65,0.04737473333599967,0.07069242123217287,0.8908786133837922,,1.0,2,2,500
68,0.04737473333599967,0.07069242123217288,0.890878613383792,,1.0,2,4,500
109,0.047577673547141076,0.07069899296785802,0.8908583240732724,20.0,0.8,1,2,300
112,0.0474977823758348,0.07070287001620847,0.8908463533466946,20.0,0.8,1,4,300
64,0.04742210002546862,0.07070319947710757,0.8908453360770323,,1.0,2,2,300
67,0.047422100025468615,0.07070319947710757,0.8908453360770323,,1.0,2,4,300
191,0.047651333201687705,0.07070463942726482,0.8908408899168249,30.0,0.8,1,2,500
276,0.047603539192964416,0.0707058162411549,0.890837256179999,40.0,0.8,1,4,700
194,0.04762335300560609,0.07070596172153508,0.8908368069650785,30.0,0.8,1,4,500
190,0.04768231397401858,0.07070702275655034,0.8908335306688108,30.0,0.8,1,2,300
164,0.04776920873063538,0.07071551053757519,0.8908073200700631,30.0,0.6,1,2,500
192,0.0476275635582445,0.070716569070922,0.8908040510571652,30.0,0.8,1,2,700
31,0.047579375725825455,0.07072105259094187,0.8907902042953758,,0.8,1,4,300
142,0.047324825581023654,0.07072447112392882,0.8907796460160892,20.0,1.0,1,8,300
246,0.047830565203206915,0.0707311289627416,0.8907590815430724,40.0,0.6,1,2,700
5,0.04779357899707552,0.07073637848930273,0.8907428656451483,,0.6,1,4,500
273,0.0476435641983552,0.07074183610914524,0.8907260056667305,40.0,0.8,1,2,700
4,0.04787636690423427,0.07074400090035445,0.8907193177147409,,0.6,1,4,300
1,0.04778117493386018,0.07074446786140319,0.8907178750485141,,0.6,1,2,300
163,0.04775473881749955,0.07074497965196948,0.8907162938715086,30.0,0.6,1,2,300
143,0.04733476338116937,0.07074519771609385,0.8907156201588995,20.0,1.0,1,8,500
30,0.04762546051064698,0.07075029596106075,0.8906998684574906,,0.8,1,2,700
2,0.04775190994744786,0.07075201387929167,0.8906945604664578,,0.6,1,2,500
313,0.04734898149853087,0.07075206331210113,0.8906944077279968,40.0,1.0,2,8,300
195,0.047626452901420195,0.0707538778586001,0.8906888010329025,30.0,0.8,1,4,700
272,0.0476636473463791,0.07075536910904096,0.890684193169802,40.0,0.8,1,2,500
70,0.0473333377184767,0.07076286884534168,0.8906610180190077,,1.0,2,8,300
144,0.04734431989844792,0.07076345553924557,0.8906592049557116,20.0,1.0,1,8,700
275,0.047622817321256915,0.07078818190958441,0.8905827792548799,40.0,0.8,1,4,500
245,0.047887393021937154,0.07079503901165439,0.8905615801967918,40.0,0.6,1,2,500
29,0.0476649566497222,0.07079564506508362,0.8905597064549468,,0.8,1,2,500
34,0.04757013575318535,0.07080430182764576,0.8905329404989852,,0.8,1,8,300
193,0.04767123315195219,0.0708364648297208,0.8904334666299146,30.0,0.8,1,4,300
274,0.04769093732956544,0.07084352045302046,0.8904116389261277,40.0,0.8,1,4,300
271,0.04772453604822222,0.07086882492729214,0.890333337590999,40.0,0.8,1,2,300
62,0.047538341681369785,0.07088274613690651,0.8902902483329058,,1.0,1,8,500
225,0.04750999777002854,0.07088665875484686,0.890278136381464,30.0,1.0,1,8,700
141,0.04751405809143472,0.07088919391963622,0.8902702881351446,20.0,1.0,1,4,700
63,0.04752119627548804,0.07089080513426786,0.8902653000652656,,1.0,1,8,700
304,0.04755586824927589,0.07089330211179021,0.8902575695872645,40.0,1.0,1,8,300
305,0.047556149999705435,0.07090298647793745,0.8902275848514101,40.0,1.0,1,8,500
306,0.04755027061451438,0.07091346318667836,0.8901951422521609,40.0,1.0,1,8,700
28,0.04772083572366849,0.0709208747008715,0.8901721885631638,,0.8,1,2,300
244,0.04795624107857721,0.07093049488244303,0.8901423909851798,40.0,0.6,1,2,300
139,0.047565313304468115,0.0709318406814101,0.8901382221813512,20.0,1.0,1,4,300
61,0.047603093783318916,0.07094352417596765,0.8901020275702407,,1.0,1,8,300
224,0.04755363522309471,0.07094782622214066,0.8900886986443892,30.0,1.0,1,8,500
223,0.047555240992494634,0.07095088732430485,0.8900792140132577,30.0,1.0,1,8,300
138,0.047577576431710907,0.07096375796865419,0.8900393306596912,20.0,1.0,1,2,700
140,0.04756520644795047,0.07096447345471076,0.890037113310313,20.0,1.0,1,4,500
137,0.047550062874728044,0.07100500960166749,0.8899114519868242,20.0,1.0,1,2,500
136,0.04757298107535126,0.07104489715360428,0.8897877312498209,20.0,1.0,1,2,300
303,0.047687652205077743,0.07106416511530167,0.8897279421918527,40.0,1.0,1,4,700
56,0.047755858409227914,0.07108175912332904,0.8896733333004456,,1.0,1,2,500
57,0.04775464148069521,0.07108224139254507,0.8896718362261973,,1.0,1,2,700
222,0.04773674334171357,0.0710977261555209,0.8896237625719585,30.0,1.0,1,4,700
221,0.047771679713084436,0.0711036074631795,0.8896055008498133,30.0,1.0,1,4,500
302,0.04774385272644728,0.07111436249264262,0.8895721020975518,40.0,1.0,1,4,500
219,0.04782615551849746,0.07112713362836617,0.8895324359525876,30.0,1.0,1,2,700
220,0.04782260654497687,0.07113979342685785,0.8894931085823583,30.0,1.0,1,4,300
55,0.04774487385458271,0.07114991007048302,0.8894616764323321,,1.0,1,2,300
60,0.04777376397089832,0.07115020441021659,0.8894607618594823,,1.0,1,4,700
218,0.047883816257523124,0.07118125843305832,0.889364249497631,30.0,1.0,1,2,500
301,0.04778652398406252,0.07118475410640383,0.8893533827063137,40.0,1.0,1,4,300
59,0.04780671328449565,0.07127652417416448,0.889067911669736,,1.0,1,4,500
58,0.047813001894408645,0.07128592122338834,0.8890386593170563,,1.0,1,4,300
300,0.04789236413214349,0.07131647151623377,0.8889435317580028,40.0,1.0,1,2,700
217,0.048018055819441706,0.0713170725384547,0.888941659885067,30.0,1.0,1,2,300
299,0.0479081799985101,0.07135067778743857,0.8888369718391835,40.0,1.0,1,2,500
298,0.047962736889623506,0.07144563385410731,0.8885408953860731,40.0,1.0,1,2,300
