Week_Start,Week_End,Week_Number,Year,point_id,latitude,longitude,district,sampling_priority,region_type,NDVI,Rainfall_mm,Temperature_C
2026-06-18,2026-06-25,25,2026,P061,18.507856195988797,76.91766150117878,Latur,high,priority,0.307866632938385,9.499836385250092,30.14025005158925
2026-06-25,2026-07-02,26,2026,P061,18.507856195988797,76.91766150117878,Latur,high,priority,,37.96813999116421,25.697248531523257
2026-07-02,2026-07-09,27,2026,P061,18.507856195988797,76.91766150117878,Latur,high,priority,,7.448133714497089,24.7663026355562
2026-07-09,2026-07-16,28,2026,P061,18.507856195988797,76.91766150117878,Latur,high,priority,,0.5244323760271072,26.650679343087347
2026-07-16,2026-07-23,29,2026,P061,18.507856195988797,76.91766150117878,Latur,high,priority,,70.60514286905527,24.851369839622862
2026-07-23,2026-07-30,30,2026,P061,18.507856195988797,76.91766150117878,Latur,high,priority,0.30675873160362244,34.72027100622654,24.812190809703964
2026-07-30,2026-08-06,31,2026,P061,18.507856195988797,76.91766150117878,Latur,high,priority,,60.91873186081648,24.794104694184853
2026-08-06,2026-08-13,32,2026,P061,18.507856195988797,76.91766150117878,Latur,high,priority,0.7002893090248108,16.8766518086195,25.176041176205672
2026-08-13,2026-08-20,33,2026,P061,18.507856195988797,76.91766150117878,Latur,high,priority,0.6672012805938721,5.581067442893982,24.935360027494937
2026-08-20,2026-08-27,34,2026,P061,18.507856195988797,76.91766150117878,Latur,high,priority,,16.313340924680233,25.228241493588428
2026-08-27,2026-09-03,35,2026,P061,18.507856195988797,76.91766150117878,Latur,high,priority,0.6821091175079346,3.793775513768196,25.17818748837425
2026-09-03,2026-09-10,36,2026,P061,18.507856195988797,76.91766150117878,Latur,high,priority,,1.4146832451224327,24.954094187418605
2026-06-18,2026-06-25,25,2026,P062,18.42240733096449,76.34875951203142,Latur,high,priority,0.2808285057544708,2.9725123792886734,29.645993169148824
2026-06-25,2026-07-02,26,2026,P062,18.42240733096449,76.34875951203142,Latur,high,priority,,40.47968916594982,25.428333445957776
2026-07-02,2026-07-09,27,2026,P062,18.42240733096449,76.34875951203142,Latur,high,priority,,2.201223611831665,23.962405686151385
2026-07-09,2026-07-16,28,2026,P062,18.42240733096449,76.34875951203142,Latur,high,priority,,4.301975280046463,25.7573222932362
2026-07-16,2026-07-23,29,2026,P062,18.42240733096449,76.34875951203142,Latur,high,priority,,48.76579895615578,24.210954103015695
2026-07-23,2026-07-30,30,2026,P062,18.42240733096449,76.34875951203142,Latur,high,priority,,11.493676044046879,24.35260189601354
2026-07-30,2026-08-06,31,2026,P062,18.42240733096449,76.34875951203142,Latur,high,priority,,29.053378596901894,24.209934307280093
2026-08-06,2026-08-13,32,2026,P062,18.42240733096449,76.34875951203142,Latur,high,priority,,8.160940773785114,24.53613697233658
2026-08-13,2026-08-20,33,2026,P062,18.42240733096449,76.34875951203142,Latur,high,priority,,6.049954205751419,24.32436904907229
2026-08-20,2026-08-27,34,2026,P062,18.42240733096449,76.34875951203142,Latur,high,priority,,7.091510526835918,24.65568522498728
2026-08-27,2026-09-03,35,2026,P062,18.42240733096449,76.34875951203142,Latur,high,priority,0.663551390171051,2.044399358332157,24.573241896856416
2026-09-03,2026-09-10,36,2026,P062,18.42240733096449,76.34875951203142,Latur,high,priority,,0.12759754061698914,24.292066192626976
2026-06-18,2026-06-25,25,2026,P063,18.235389972146614,77.05646593092125,Latur,high,priority,0.05164945125579834,9.73393102735281,29.815612774803583
2026-06-25,2026-07-02,26,2026,P063,18.235389972146614,77.05646593092125,Latur,high,priority,,37.593829572200775,25.26807256426133
2026-07-02,2026-07-09,27,2026,P063,18.235389972146614,77.05646593092125,Latur,high,priority,,12.285294838249683,24.377991158621683
2026-07-09,2026-07-16,28,2026,P063,18.235389972146614,77.05646593092125,Latur,high,priority,,0.5639657825231552,26.234442828950478
2026-07-16,2026-07-23,29,2026,P063,18.235389972146614,77.05646593092125,Latur,high,priority,,82.91790942847729,24.398209962390695
2026-07-23,2026-07-30,30,2026,P063,18.235389972146614,77.05646593092125,Latur,high,priority,,43.47792012989521,24.37571387518028
2026-07-30,2026-08-06,31,2026,P063,18.235389972146614,77.05646593092125,Latur,high,priority,,41.26886346191168,24.433508991059796
2026-08-06,2026-08-13,32,2026,P063,18.235389972146614,77.05646593092125,Latur,high,priority,0.5641096830368042,18.97178292274475,24.862773877098505
2026-08-13,2026-08-20,33,2026,P063,18.235389972146614,77.05646593092125,Latur,high,priority,,4.734583854675293,24.55590736752464
2026-08-20,2026-08-27,34,2026,P063,18.235389972146614,77.05646593092125,Latur,high,priority,,16.649150997400284,24.792520232427705
2026-08-27,2026-09-03,35,2026,P063,18.235389972146614,77.05646593092125,Latur,high,priority,0.6907020807266235,5.446949638426304,24.69535871233262
2026-09-03,2026-09-10,36,2026,P063,18.235389972146614,77.05646593092125,Latur,high,priority,,3.1083181723952293,24.360303497314476
2026-06-18,2026-06-25,25,2026,P064,18.19305465477912,76.77240087437879,Latur,high,priority,0.10293012857437134,3.8690282851457596,29.778898675101175
2026-06-25,2026-07-02,26,2026,P064,18.19305465477912,76.77240087437879,Latur,high,priority,,37.96556754410267,25.29226573762446
2026-07-02,2026-07-09,27,2026,P064,18.19305465477912,76.77240087437879,Latur,high,priority,,12.324095211923122,24.113110206240663
2026-07-09,2026-07-16,28,2026,P064,18.19305465477912,76.77240087437879,Latur,high,priority,,2.7723682895302773,25.83125039963494
2026-07-16,2026-07-23,29,2026,P064,18.19305465477912,76.77240087437879,Latur,high,priority,,66.59579915553331,24.226579103015695
2026-07-23,2026-07-30,30,2026,P064,18.19305465477912,76.77240087437879,Latur,high,priority,,27.787586584687233,24.29732148306715
2026-07-30,2026-08-06,31,2026,P064,18.19305465477912,76.77240087437879,Latur,high,priority,,35.137473434209824,24.31541468302413
2026-08-06,2026-08-13,32,2026,P064,18.19305465477912,76.77240087437879,Latur,high,priority,0.4172535240650177,18.946123749017715,24.693084516979354
2026-08-13,2026-08-20,33,2026,P064,18.19305465477912,76.77240087437879,Latur,high,priority,,6.297239780426025,24.459971727643733
2026-08-20,2026-08-27,34,2026,P064,18.19305465477912,76.77240087437879,Latur,high,priority,,10.491201549768448,24.74276204790391
2026-08-27,2026-09-03,35,2026,P064,18.19305465477912,76.77240087437879,Latur,high,priority,0.4802631437778473,3.4048377573490143,24.65910964239214
2026-09-03,2026-09-10,36,2026,P064,18.19305465477912,76.77240087437879,Latur,high,priority,,3.0808936059474945,24.268181101481105
2026-06-18,2026-06-25,25,2026,P065,18.3313574066324,76.44266953714255,Latur,high,priority,0.5593152642250061,2.266599915921688,29.606454013642804
2026-06-25,2026-07-02,26,2026,P065,18.3313574066324,76.44266953714255,Latur,high,priority,,44.64835062623024,25.359276526314886
2026-07-02,2026-07-09,27,2026,P065,18.3313574066324,76.44266953714255,Latur,high,priority,,5.589311197400093,23.916809517996683
2026-07-09,2026-07-16,28,2026,P065,18.3313574066324,76.44266953714255,Latur,high,priority,,4.00525276362896,25.71848068237307
2026-07-16,2026-07-23,29,2026,P065,18.3313574066324,76.44266953714255,Latur,high,priority,,56.59867166727781,24.126609329950213
2026-07-23,2026-07-30,30,2026,P065,18.3313574066324,76.44266953714255,Latur,high,priority,0.37845999002456665,15.035408936440945,24.254573622204077
2026-07-30,2026-08-06,31,2026,P065,18.3313574066324,76.44266953714255,Latur,high,priority,,29.75845730304718,24.169476717994314
2026-08-06,2026-08-13,32,2026,P065,18.3313574066324,76.44266953714255,Latur,high,priority,,8.564327955245972,24.509176871890133
2026-08-13,2026-08-20,33,2026,P065,18.3313574066324,76.44266953714255,Latur,high,priority,,6.545674696564674,24.29458389282229
2026-08-20,2026-08-27,34,2026,P065,18.3313574066324,76.44266953714255,Latur,high,priority,0.6453936100006104,7.213336952030659,24.620017442249207
2026-08-27,2026-09-03,35,2026,P065,18.3313574066324,76.44266953714255,Latur,high,priority,,2.7218050733208656,24.513276309058767
2026-09-03,2026-09-10,36,2026,P065,18.3313574066324,76.44266953714255,Latur,high,priority,0.5412353873252869,1.0781823247671127,24.177564239501976
2026-06-18,2026-06-25,25,2026,P066,18.10473904318114,76.53529573488291,Latur,high,priority,0.235807865858078,2.1657121181488037,29.520574642363044
2026-06-25,2026-07-02,26,2026,P066,18.10473904318114,76.53529573488291,Latur,high,priority,,39.760984010994434,25.16731224060061
2026-07-02,2026-07-09,27,2026,P066,18.10473904318114,76.53529573488291,Latur,high,priority,,8.821818880736828,23.914961024693127
2026-07-09,2026-07-16,28,2026,P066,18.10473904318114,76.53529573488291,Latur,high,priority,,3.5866723135113716,25.68210372924807
2026-07-16,2026-07-23,29,2026,P066,18.10473904318114,76.53529573488291,Latur,high,priority,,63.70939467102289,24.103462473551417
2026-07-23,2026-07-30,30,2026,P066,18.10473904318114,76.53529573488291,Latur,high,priority,,21.66640516370535,24.218824459257576
2026-07-30,2026-08-06,31,2026,P066,18.10473904318114,76.53529573488291,Latur,high,priority,,29.73123972862959,24.190809958321722
2026-08-06,2026-08-13,32,2026,P066,18.10473904318114,76.53529573488291,Latur,high,priority,,14.684895604848862,24.551657340640133
2026-08-13,2026-08-20,33,2026,P066,18.10473904318114,76.53529573488291,Latur,high,priority,,6.762396305799484,24.33315811157229
2026-08-20,2026-08-27,34,2026,P066,18.10473904318114,76.53529573488291,Latur,high,priority,,7.148493327200413,24.630561992100354
2026-08-27,2026-09-03,35,2026,P066,18.10473904318114,76.53529573488291,Latur,high,priority,,2.105869472026825,24.570544724237322
2026-09-03,2026-09-10,36,2026,P066,18.10473904318114,76.53529573488291,Latur,high,priority,,2.013407491147518,24.14806391398116
2026-06-18,2026-06-25,25,2026,P067,18.280552688555268,77.0569977719007,Latur,high,priority,0.4285714328289032,9.73393102735281,29.815612774803583
2026-06-25,2026-07-02,26,2026,P067,18.280552688555268,77.0569977719007,Latur,high,priority,,37.593829572200775,25.26807256426133
2026-07-02,2026-07-09,27,2026,P067,18.280552688555268,77.0569977719007,Latur,high,priority,,12.285294838249683,24.377991158621683
2026-07-09,2026-07-16,28,2026,P067,18.280552688555268,77.0569977719007,Latur,high,priority,,0.5639657825231552,26.234442828950478
2026-07-16,2026-07-23,29,2026,P067,18.280552688555268,77.0569977719007,Latur,high,priority,,82.91790942847729,24.398209962390695
2026-07-23,2026-07-30,30,2026,P067,18.280552688555268,77.0569977719007,Latur,high,priority,,43.47792012989521,24.37571387518028
2026-07-30,2026-08-06,31,2026,P067,18.280552688555268,77.0569977719007,Latur,high,priority,,41.26886346191168,24.433508991059796
2026-08-06,2026-08-13,32,2026,P067,18.280552688555268,77.0569977719007,Latur,high,priority,,18.97178292274475,24.862773877098505
2026-08-13,2026-08-20,33,2026,P067,18.280552688555268,77.0569977719007,Latur,high,priority,,4.734583854675293,24.55590736752464
2026-08-20,2026-08-27,34,2026,P067,18.280552688555268,77.0569977719007,Latur,high,priority,,16.649150997400284,24.792520232427705
2026-08-27,2026-09-03,35,2026,P067,18.280552688555268,77.0569977719007,Latur,high,priority,0.6971197128295898,5.446949638426304,24.69535871233262
2026-09-03,2026-09-10,36,2026,P067,18.280552688555268,77.0569977719007,Latur,high,priority,,3.1083181723952293,24.360303497314476
2026-06-18,2026-06-25,25,2026,P068,18.10182178118835,76.86595913358097,Latur,high,priority,0.20234869420528412,4.457667164504528,29.864929181053583
2026-06-25,2026-07-02,26,2026,P068,18.10182178118835,76.86595913358097,Latur,high,priority,,38.406783036887646,25.34636032467796
2026-07-02,2026-07-09,27,2026,P068,18.10182178118835,76.86595913358097,Latur,high,priority,,12.050799302756786,24.224194190615663
2026-07-09,2026-07-16,28,2026,P068,18.10182178118835,76.86595913358097,Latur,high,priority,,2.26360110193491,25.94113693237307
2026-07-16,2026-07-23,29,2026,P068,18.10182178118835,76.86595913358097,Latur,high,priority,,68.23768815398216,24.301611655099066
2026-07-23,2026-07-30,30,2026,P068,18.10182178118835,76.86595913358097,Latur,high,priority,,30.249111525714397,24.365390214466004
2026-07-30,2026-08-06,31,2026,P068,18.10182178118835,76.86595913358097,Latur,high,priority,,36.622287556529045,24.393795449393167
2026-08-06,2026-08-13,32,2026,P068,18.10182178118835,76.86595913358097,Latur,high,priority,0.6797624230384827,19.705135978758335,24.793240301949652
2026-08-13,2026-08-20,33,2026,P068,18.10182178118835,76.86595913358097,Latur,high,priority,,6.329581446945667,24.546641649518733
2026-08-20,2026-08-27,34,2026,P068,18.10182178118835,76.86595913358097,Latur,high,priority,,11.257837556302547,24.818643279302705
2026-08-27,2026-09-03,35,2026,P068,18.10182178118835,76.86595913358097,Latur,high,priority,,4.039325594902039,24.718482317243343
2026-09-03,2026-09-10,36,2026,P068,18.10182178118835,76.86595913358097,Latur,high,priority,,3.3309918642044067,24.352857208251976
2026-06-18,2026-06-25,25,2026,P069,18.595077104748384,77.2028433593965,Latur,high,priority,,10.533766098320484,30.90354990277973
2026-06-25,2026-07-02,26,2026,P069,18.595077104748384,77.2028433593965,Latur,high,priority,,40.12986432760954,26.09232619149344
2026-07-02,2026-07-09,27,2026,P069,18.595077104748384,77.2028433593965,Latur,high,priority,,9.564100250601768,25.401870436895535
2026-07-09,2026-07-16,28,2026,P069,18.595077104748384,77.2028433593965,Latur,high,priority,,0.5744953155517578,27.441997237432588
2026-07-16,2026-07-23,29,2026,P069,18.595077104748384,77.2028433593965,Latur,high,priority,,81.63796741515398,25.52786026000979
2026-07-23,2026-07-30,30,2026,P069,18.595077104748384,77.2028433593965,Latur,high,priority,,53.64087554067373,25.331861568632632
2026-07-30,2026-08-06,31,2026,P069,18.595077104748384,77.2028433593965,Latur,high,priority,,67.13062307238579,25.367928168887204
2026-08-06,2026-08-13,32,2026,P069,18.595077104748384,77.2028433593965,Latur,high,priority,,25.68559005856514,25.850125067574652
2026-08-13,2026-08-20,33,2026,P069,18.595077104748384,77.2028433593965,Latur,high,priority,,6.055025413632393,25.52156491960801
2026-08-20,2026-08-27,34,2026,P069,18.595077104748384,77.2028433593965,Latur,high,priority,,22.242365643382072,25.84441755385626
2026-08-27,2026-09-03,35,2026,P069,18.595077104748384,77.2028433593965,Latur,high,priority,0.8221182227134705,4.773795545101166,25.825078764415878
2026-09-03,2026-09-10,36,2026,P069,18.595077104748384,77.2028433593965,Latur,high,priority,0.8857399821281433,3.131015993654728,25.54613520304366
2026-06-18,2026-06-25,25,2026,P070,18.414990253737063,77.15322456154995,Latur,high,priority,,9.015434570610523,30.572285951886897
2026-06-25,2026-07-02,26,2026,P070,18.414990253737063,77.15322456154995,Latur,high,priority,,38.666201531887054,25.872308985392237
2026-07-02,2026-07-09,27,2026,P070,18.414990253737063,77.15322456154995,Latur,high,priority,,11.074094183743,25.096287754603793
2026-07-09,2026-07-16,28,2026,P070,18.414990253737063,77.15322456154995,Latur,high,priority,,0.5884178131818771,27.057243238176625
2026-07-16,2026-07-23,29,2026,P070,18.414990253737063,77.15322456154995,Latur,high,priority,,84.1559903845191,25.19701483590262
2026-07-23,2026-07-30,30,2026,P070,18.414990253737063,77.15322456154995,Latur,high,priority,,49.7959391400218,25.043252472650465
2026-07-30,2026-08-06,31,2026,P070,18.414990253737063,77.15322456154995,Latur,high,priority,,55.08631058782339,25.070425378708592
2026-08-06,2026-08-13,32,2026,P070,18.414990253737063,77.15322456154995,Latur,high,priority,0.6809991598129272,24.416522949934006,25.545123672485374
2026-08-13,2026-08-20,33,2026,P070,18.414990253737063,77.15322456154995,Latur,high,priority,,5.402882695198059,25.231549108596084
2026-08-20,2026-08-27,34,2026,P070,18.414990253737063,77.15322456154995,Latur,high,priority,,20.280529886484146,25.512653695969334
2026-08-27,2026-09-03,35,2026,P070,18.414990253737063,77.15322456154995,Latur,high,priority,0.7194280624389648,5.198237739503384,25.474888102213583
2026-09-03,2026-09-10,36,2026,P070,18.414990253737063,77.15322456154995,Latur,high,priority,,3.1185494139790535,25.19815343221029
2026-06-18,2026-06-25,25,2026,P071,18.14913758021374,76.63019555341555,Latur,high,priority,0.2931506931781769,3.2778567895293236,29.634658068702322
2026-06-25,2026-07-02,26,2026,P071,18.14913758021374,76.63019555341555,Latur,high,priority,,37.60368412733078,25.20096876961844
2026-07-02,2026-07-09,27,2026,P071,18.14913758021374,76.63019555341555,Latur,high,priority,,11.669830732047558,23.991760689871683
2026-07-09,2026-07-16,28,2026,P071,18.14913758021374,76.63019555341555,Latur,high,priority,,3.090169809758663,25.706622423444514
2026-07-16,2026-07-23,29,2026,P071,18.14913758021374,76.63019555341555,Latur,high,priority,,65.89915301650763,24.13667722429551
2026-07-23,2026-07-30,30,2026,P071,18.14913758021374,76.63019555341555,Latur,high,priority,,25.82998152822256,24.227822785150465
2026-07-30,2026-08-06,31,2026,P071,18.14913758021374,76.63019555341555,Latur,high,priority,,33.44628231227398,24.226559121268167
2026-08-06,2026-08-13,32,2026,P071,18.14913758021374,76.63019555341555,Latur,high,priority,,17.698660604655743,24.585430127098505
2026-08-13,2026-08-20,33,2026,P071,18.14913758021374,76.63019555341555,Latur,high,priority,,5.660668790340424,24.366279856363974
2026-08-20,2026-08-27,34,2026,P071,18.14913758021374,76.63019555341555,Latur,high,priority,,9.321671783924103,24.652988052368187
2026-08-27,2026-09-03,35,2026,P071,18.14913758021374,76.63019555341555,Latur,high,priority,,2.303237311542034,24.578054954892195
2026-09-03,2026-09-10,36,2026,P071,18.14913758021374,76.63019555341555,Latur,high,priority,,2.542378179728985,24.17784907023116
2026-06-18,2026-06-25,25,2026,P072,18.28339531825639,76.77331673398585,Latur,high,priority,0.6690091490745544,4.475508019328117,29.76012309846425
2026-06-25,2026-07-02,26,2026,P072,18.28339531825639,76.77331673398585,Latur,high,priority,,39.90878776460886,25.354428591047053
2026-07-02,2026-07-09,27,2026,P072,18.28339531825639,76.77331673398585,Latur,high,priority,,11.72559154778719,24.148917497907405
2026-07-09,2026-07-16,28,2026,P072,18.28339531825639,76.77331673398585,Latur,high,priority,,2.8203998133540154,25.88553099859331
2026-07-16,2026-07-23,29,2026,P072,18.28339531825639,76.77331673398585,Latur,high,priority,,68.14375138282776,24.240983399890695
2026-07-23,2026-07-30,30,2026,P072,18.28339531825639,76.77331673398585,Latur,high,priority,0.6026901006698608,26.868365459144115,24.307470757620706
2026-07-30,2026-08-06,31,2026,P072,18.28339531825639,76.77331673398585,Latur,high,priority,,37.76848193258047,24.312171100434853
2026-08-06,2026-08-13,32,2026,P072,18.28339531825639,76.77331673398585,Latur,high,priority,0.6672104597091675,17.91094958037138,24.677133996146097
2026-08-13,2026-08-20,33,2026,P072,18.28339531825639,76.77331673398585,Latur,high,priority,,6.146664634346962,24.43295349847699
2026-08-20,2026-08-27,34,2026,P072,18.28339531825639,76.77331673398585,Latur,high,priority,,11.314859703183174,24.725416437784816
2026-08-27,2026-09-03,35,2026,P072,18.28339531825639,76.77331673398585,Latur,high,priority,0.6885764002799988,4.178836859762669,24.620814441499306
2026-09-03,2026-09-10,36,2026,P072,18.28339531825639,76.77331673398585,Latur,high,priority,,2.92360470443964,24.27347081502279
2026-06-18,2026-06-25,25,2026,P073,17.96631489517353,76.86453107353908,Latur,high,priority,0.22201375663280487,1.5536686554551125,29.82094899132136
2026-06-25,2026-07-02,26,2026,P073,17.96631489517353,76.86453107353908,Latur,high,priority,,32.02068351209164,25.258330190749405
2026-07-02,2026-07-09,27,2026,P073,17.96631489517353,76.86453107353908,Latur,high,priority,,13.48579116910696,24.190700422014515
2026-07-09,2026-07-16,28,2026,P073,17.96631489517353,76.86453107353908,Latur,high,priority,0.43909838795661926,0.7335179299116135,25.885879770914755
2026-07-16,2026-07-23,29,2026,P073,17.96631489517353,76.86453107353908,Latur,high,priority,,61.39219031482935,24.316748373849066
2026-07-23,2026-07-30,30,2026,P073,17.96631489517353,76.86453107353908,Latur,high,priority,,30.24236572533846,24.390513447352816
2026-07-30,2026-08-06,31,2026,P073,17.96631489517353,76.86453107353908,Latur,high,priority,,31.850137665867805,24.414605531238465
2026-08-06,2026-08-13,32,2026,P073,17.96631489517353,76.86453107353908,Latur,high,priority,0.5359116196632385,22.18577229976654,24.80272690909254
2026-08-13,2026-08-20,33,2026,P073,17.96631489517353,76.86453107353908,Latur,high,priority,,7.126157656311989,24.61387332734614
2026-08-20,2026-08-27,34,2026,P073,17.96631489517353,76.86453107353908,Latur,high,priority,,7.368026189506054,24.860705221266983
2026-08-27,2026-09-03,35,2026,P073,17.96631489517353,76.86453107353908,Latur,high,priority,,2.9138982072472572,24.808802722749306
2026-09-03,2026-09-10,36,2026,P073,17.96631489517353,76.86453107353908,Latur,high,priority,0.4909803867340088,5.119359135627747,24.36388422648116
2026-06-18,2026-06-25,25,2026,P074,18.508330314740576,76.87031898541534,Latur,high,priority,0.1172298714518547,9.388825304806232,29.972653325398824
2026-06-25,2026-07-02,26,2026,P074,18.508330314740576,76.87031898541534,Latur,high,priority,,37.60816599428654,25.661720257713682
2026-07-02,2026-07-09,27,2026,P074,18.508330314740576,76.87031898541534,Latur,high,priority,,7.659026585519314,24.636233811151442
2026-07-09,2026-07-16,28,2026,P074,18.508330314740576,76.87031898541534,Latur,high,priority,,0.49193254113197327,26.52649314517072
2026-07-16,2026-07-23,29,2026,P074,18.508330314740576,76.87031898541534,Latur,high,priority,,66.54134138673544,24.74132054646816
2026-07-23,2026-07-30,30,2026,P074,18.508330314740576,76.87031898541534,Latur,high,priority,,27.581135466694832,24.733612405686188
2026-07-30,2026-08-06,31,2026,P074,18.508330314740576,76.87031898541534,Latur,high,priority,,58.90067324787378,24.681334976922926
2026-08-06,2026-08-13,32,2026,P074,18.508330314740576,76.87031898541534,Latur,high,priority,0.2871360182762146,15.180190473794937,25.018047314598448
2026-08-13,2026-08-20,33,2026,P074,18.508330314740576,76.87031898541534,Latur,high,priority,,4.709124818444252,24.797153182256864
2026-08-20,2026-08-27,34,2026,P074,18.508330314740576,76.87031898541534,Latur,high,priority,,15.533538088202477,25.097242609659816
2026-08-27,2026-09-03,35,2026,P074,18.508330314740576,76.87031898541534,Latur,high,priority,0.7939953804016113,3.5486803874373436,25.041573370070694
2026-09-03,2026-09-10,36,2026,P074,18.508330314740576,76.87031898541534,Latur,high,priority,,1.3973242938518524,24.797111765543605
2026-06-18,2026-06-25,25,2026,P075,18.41444799953777,77.20053313424823,Latur,high,priority,,9.397008299827576,30.820088686261897
2026-06-25,2026-07-02,26,2026,P075,18.41444799953777,77.20053313424823,Latur,high,priority,,39.1711657717824,26.051078051612535
2026-07-02,2026-07-09,27,2026,P075,18.41444799953777,77.20053313424823,Latur,high,priority,,10.53805474191904,25.361563982282405
2026-07-09,2026-07-16,28,2026,P075,18.41444799953777,77.20053313424823,Latur,high,priority,,0.5988886505365372,27.359907858712347
2026-07-16,2026-07-23,29,2026,P075,18.41444799953777,77.20053313424823,Latur,high,priority,,86.88907999545336,25.457675643194307
2026-07-23,2026-07-30,30,2026,P075,18.41444799953777,77.20053313424823,Latur,high,priority,,53.0719435736537,25.284637796311188
2026-07-30,2026-08-06,31,2026,P075,18.41444799953777,77.20053313424823,Latur,high,priority,,56.462827034294605,25.329307447161
2026-08-06,2026-08-13,32,2026,P075,18.41444799953777,77.20053313424823,Latur,high,priority,,26.705750666558743,25.854566101800856
2026-08-13,2026-08-20,33,2026,P075,18.41444799953777,77.20053313424823,Latur,high,priority,0.4736320972442627,5.499375514686108,25.512706102643733
2026-08-20,2026-08-27,34,2026,P075,18.41444799953777,77.20053313424823,Latur,high,priority,,21.655280254781246,25.810249492100354
2026-08-27,2026-09-03,35,2026,P075,18.41444799953777,77.20053313424823,Latur,high,priority,0.5656196475028992,5.3740855529904366,25.796874709356473
2026-09-03,2026-09-10,36,2026,P075,18.41444799953777,77.20053313424823,Latur,high,priority,,3.560820572078228,25.517855580647847
2026-06-18,2026-06-25,25,2026,P076,18.37787563053637,76.25376684114009,Latur,high,priority,0.09028256684541702,1.44133859872818,29.35502404712497
2026-06-25,2026-07-02,26,2026,P076,18.37787563053637,76.25376684114009,Latur,high,priority,,46.05720487982035,25.044090979439886
2026-07-02,2026-07-09,27,2026,P076,18.37787563053637,76.25376684114009,Latur,high,priority,,3.4330781921744347,23.598659406389515
2026-07-09,2026-07-16,28,2026,P076,18.37787563053637,76.25376684114009,Latur,high,priority,,4.90209786593914,25.364465150378976
2026-07-16,2026-07-23,29,2026,P076,18.37787563053637,76.25376684114009,Latur,high,priority,,51.20139121264219,23.85046303158714
2026-07-23,2026-07-30,30,2026,P076,18.37787563053637,76.25376684114009,Latur,high,priority,,11.271841123700142,24.028708666846853
2026-07-30,2026-08-06,31,2026,P076,18.37787563053637,76.25376684114009,Latur,high,priority,,21.788004405796528,23.87689161754787
2026-08-06,2026-08-13,32,2026,P076,18.37787563053637,76.25376684114009,Latur,high,priority,,7.0673864260315895,24.240564055669893
2026-08-13,2026-08-20,33,2026,P076,18.37787563053637,76.25376684114009,Latur,high,priority,,6.573658689856529,24.015077754429456
2026-08-20,2026-08-27,34,2026,P076,18.37787563053637,76.25376684114009,Latur,high,priority,,3.954478159546852,24.373935317993187
2026-08-27,2026-09-03,35,2026,P076,18.37787563053637,76.25376684114009,Latur,high,priority,,2.0308700278401375,24.295072719029065
2026-09-03,2026-09-10,36,2026,P076,18.37787563053637,76.25376684114009,Latur,high,priority,0.715681254863739,0.0,23.98416417439779
2026-06-18,2026-06-25,25,2026,P077,18.05956253680126,76.5349028314077,Latur,high,priority,0.08446484804153442,0.5177658349275589,29.65742127554762
2026-06-25,2026-07-02,26,2026,P077,18.05956253680126,76.5349028314077,Latur,high,priority,,37.07199990749359,25.201968583606515
2026-07-02,2026-07-09,27,2026,P077,18.05956253680126,76.5349028314077,Latur,high,priority,,9.887736469507217,23.962545195080054
2026-07-09,2026-07-16,28,2026,P077,18.05956253680126,76.5349028314077,Latur,high,priority,0.19112494587898254,3.6287604570388794,25.678406742640902
2026-07-16,2026-07-23,29,2026,P077,18.05956253680126,76.5349028314077,Latur,high,priority,,62.66998814791441,24.17818113054551
2026-07-23,2026-07-30,30,2026,P077,18.05956253680126,76.5349028314077,Latur,high,priority,0.2855018675327301,23.10404870659113,24.290497171311188
2026-07-30,2026-08-06,31,2026,P077,18.05956253680126,76.5349028314077,Latur,high,priority,,27.360031090676785,24.26842342558365
2026-08-06,2026-08-13,32,2026,P077,18.05956253680126,76.5349028314077,Latur,high,priority,,16.744344741106033,24.627166548229354
2026-08-13,2026-08-20,33,2026,P077,18.05956253680126,76.5349028314077,Latur,high,priority,,7.106742650270462,24.427012743268733
2026-08-20,2026-08-27,34,2026,P077,18.05956253680126,76.5349028314077,Latur,high,priority,,5.3077626675367355,24.727113796415836
2026-08-27,2026-09-03,35,2026,P077,18.05956253680126,76.5349028314077,Latur,high,priority,0.6691962480545044,1.7852343171834946,24.689766729445694
2026-09-03,2026-09-10,36,2026,P077,18.05956253680126,76.5349028314077,Latur,high,priority,0.8573906421661377,3.2901146933436394,24.22472407023116
2026-06-18,2026-06-25,25,2026,P078,18.10088423096409,76.96042233853383,Latur,high,priority,0.17288407683372498,5.482310131192207,29.918721498761897
2026-06-25,2026-07-02,26,2026,P078,18.10088423096409,76.96042233853383,Latur,high,priority,,37.59627416729927,25.351010622297053
2026-07-02,2026-07-09,27,2026,P078,18.10088423096409,76.96042233853383,Latur,high,priority,,12.148284614086151,24.308934238978793
2026-07-09,2026-07-16,28,2026,P078,18.10088423096409,76.96042233853383,Latur,high,priority,,0.718842014670372,26.037584104992163
2026-07-16,2026-07-23,29,2026,P078,18.10088423096409,76.96042233853383,Latur,high,priority,,73.80088103562593,24.352090635753882
2026-07-23,2026-07-30,30,2026,P078,18.10088423096409,76.96042233853383,Latur,high,priority,,35.477468974888325,24.39888398306715
2026-07-30,2026-08-06,31,2026,P078,18.10088423096409,76.96042233853383,Latur,high,priority,,37.885826118290424,24.44144937424437
2026-08-06,2026-08-13,32,2026,P078,18.10088423096409,76.96042233853383,Latur,high,priority,,20.430529661476612,24.860960261027003
2026-08-13,2026-08-20,33,2026,P078,18.10088423096409,76.96042233853383,Latur,high,priority,,5.829552471637726,24.60318926856627
2026-08-20,2026-08-27,34,2026,P078,18.10088423096409,76.96042233853383,Latur,high,priority,,13.328385837376118,24.85867071605861
2026-08-27,2026-09-03,35,2026,P078,18.10088423096409,76.96042233853383,Latur,high,priority,,4.4487854689359665,24.751069277808767
2026-09-03,2026-09-10,36,2026,P078,18.10088423096409,76.96042233853383,Latur,high,priority,,3.418640285730362,24.410718536376976
2026-06-18,2026-06-25,25,2026,P079,18.73508509851779,76.77797630952156,Latur,high,priority,0.25101032853126526,11.58830976486206,30.285560226440452
2026-06-25,2026-07-02,26,2026,P079,18.73508509851779,76.77797630952156,Latur,high,priority,,37.5541969537735,26.093500391642294
2026-07-02,2026-07-09,27,2026,P079,18.73508509851779,76.77797630952156,Latur,high,priority,,7.562757298350334,25.031276593889515
2026-07-09,2026-07-16,28,2026,P079,18.73508509851779,76.77797630952156,Latur,high,priority,,0.42035503685474396,26.93869552612307
2026-07-16,2026-07-23,29,2026,P079,18.73508509851779,76.77797630952156,Latur,high,priority,,62.73318571597338,25.249911971319307
2026-07-23,2026-07-30,30,2026,P079,18.73508509851779,76.77797630952156,Latur,high,priority,,22.48306966573,25.196456527709984
2026-07-30,2026-08-06,31,2026,P079,18.73508509851779,76.77797630952156,Latur,high,priority,,69.46390693634748,25.099501364571722
2026-08-06,2026-08-13,32,2026,P079,18.73508509851779,76.77797630952156,Latur,high,priority,,15.693890742957592,25.389943240937725
2026-08-13,2026-08-20,33,2026,P079,18.73508509851779,76.77797630952156,Latur,high,priority,,5.424365229904652,25.14998288835801
2026-08-20,2026-08-27,34,2026,P079,18.73508509851779,76.77797630952156,Latur,high,priority,0.44354453682899475,17.622912749648094,25.531743167695538
2026-08-27,2026-09-03,35,2026,P079,18.73508509851779,76.77797630952156,Latur,high,priority,,1.6053415462374687,25.48059634254099
2026-09-03,2026-09-10,36,2026,P079,18.73508509851779,76.77797630952156,Latur,high,priority,,1.0800002664327621,25.30590082804366
2026-06-18,2026-06-25,25,2026,P080,18.46791697073923,76.3017674870198,Latur,high,priority,0.08785203844308853,2.9725123792886734,29.645993169148824
2026-06-25,2026-07-02,26,2026,P080,18.46791697073923,76.3017674870198,Latur,high,priority,,40.47968916594982,25.428333445957776
2026-07-02,2026-07-09,27,2026,P080,18.46791697073923,76.3017674870198,Latur,high,priority,,2.201223611831665,23.962405686151385
2026-07-09,2026-07-16,28,2026,P080,18.46791697073923,76.3017674870198,Latur,high,priority,,4.301975280046463,25.7573222932362
2026-07-16,2026-07-23,29,2026,P080,18.46791697073923,76.3017674870198,Latur,high,priority,,48.76579895615578,24.210954103015695
2026-07-23,2026-07-30,30,2026,P080,18.46791697073923,76.3017674870198,Latur,high,priority,,11.493676044046879,24.35260189601354
2026-07-30,2026-08-06,31,2026,P080,18.46791697073923,76.3017674870198,Latur,high,priority,,29.053378596901894,24.209934307280093
2026-08-06,2026-08-13,32,2026,P080,18.46791697073923,76.3017674870198,Latur,high,priority,,8.160940773785114,24.53613697233658
2026-08-13,2026-08-20,33,2026,P080,18.46791697073923,76.3017674870198,Latur,high,priority,,6.049954205751419,24.32436904907229
2026-08-20,2026-08-27,34,2026,P080,18.46791697073923,76.3017674870198,Latur,high,priority,,7.091510526835918,24.65568522498728
2026-08-27,2026-09-03,35,2026,P080,18.46791697073923,76.3017674870198,Latur,high,priority,,2.044399358332157,24.573241896856416
2026-09-03,2026-09-10,36,2026,P080,18.46791697073923,76.3017674870198,Latur,high,priority,,0.12759754061698914,24.292066192626976
2026-06-18,2026-06-25,25,2026,P081,18.10355816947669,76.67701623054641,Latur,high,priority,0.6123998165130615,3.2778567895293236,29.634658068702322
2026-06-25,2026-07-02,26,2026,P081,18.10355816947669,76.67701623054641,Latur,high,priority,,37.60368412733078,25.20096876961844
2026-07-02,2026-07-09,27,2026,P081,18.10355816947669,76.67701623054641,Latur,high,priority,,11.669830732047558,23.991760689871683
2026-07-09,2026-07-16,28,2026,P081,18.10355816947669,76.67701623054641,Latur,high,priority,,3.090169809758663,25.706622423444514
2026-07-16,2026-07-23,29,2026,P081,18.10355816947669,76.67701623054641,Latur,high,priority,,65.89915301650763,24.13667722429551
2026-07-23,2026-07-30,30,2026,P081,18.10355816947669,76.67701623054641,Latur,high,priority,,25.82998152822256,24.227822785150465
2026-07-30,2026-08-06,31,2026,P081,18.10355816947669,76.67701623054641,Latur,high,priority,,33.44628231227398,24.226559121268167
2026-08-06,2026-08-13,32,2026,P081,18.10355816947669,76.67701623054641,Latur,high,priority,0.574266791343689,17.698660604655743,24.585430127098505
2026-08-13,2026-08-20,33,2026,P081,18.10355816947669,76.67701623054641,Latur,high,priority,,5.660668790340424,24.366279856363974
2026-08-20,2026-08-27,34,2026,P081,18.10355816947669,76.67701623054641,Latur,high,priority,,9.321671783924103,24.652988052368187
2026-08-27,2026-09-03,35,2026,P081,18.10355816947669,76.67701623054641,Latur,high,priority,,2.303237311542034,24.578054954892195
2026-09-03,2026-09-10,36,2026,P081,18.10355816947669,76.67701623054641,Latur,high,priority,,2.542378179728985,24.17784907023116
2026-06-18,2026-06-25,25,2026,P082,18.23907692673672,76.67831117252015,Latur,high,priority,0.16370593011379242,3.6262730211019516,29.664710617065452
2026-06-25,2026-07-02,26,2026,P082,18.23907692673672,76.67831117252015,Latur,high,priority,,40.583529092371464,25.30305442810061
2026-07-02,2026-07-09,27,2026,P082,18.23907692673672,76.67831117252015,Latur,high,priority,,11.237737715244293,24.065944562639515
2026-07-09,2026-07-16,28,2026,P082,18.23907692673672,76.67831117252015,Latur,high,priority,,3.1161850318312645,25.809126608712347
2026-07-16,2026-07-23,29,2026,P082,18.23907692673672,76.67831117252015,Latur,high,priority,,66.96548968553543,24.194375792003882
2026-07-23,2026-07-30,30,2026,P082,18.23907692673672,76.67831117252015,Latur,high,priority,,24.80816239118576,24.27643002101354
2026-07-30,2026-08-06,31,2026,P082,18.23907692673672,76.67831117252015,Latur,high,priority,,35.66683558374643,24.26438929239913
2026-08-06,2026-08-13,32,2026,P082,18.23907692673672,76.67831117252015,Latur,high,priority,,16.10425227880478,24.627805964152003
2026-08-13,2026-08-20,33,2026,P082,18.23907692673672,76.67831117252015,Latur,high,priority,,5.503177687525749,24.399169086274696
2026-08-20,2026-08-27,34,2026,P082,18.23907692673672,76.67831117252015,Latur,high,priority,,10.571593053638935,24.697619283766983
2026-08-27,2026-09-03,35,2026,P082,18.23907692673672,76.67831117252015,Latur,high,priority,0.5783475637435913,3.49512929469347,24.605700974237322
2026-09-03,2026-09-10,36,2026,P082,18.23907692673672,76.67831117252015,Latur,high,priority,,2.5164974853396416,24.252678171793605
2026-06-18,2026-06-25,25,2026,P083,18.36929014280681,77.19995973025816,Latur,high,priority,0.07626023143529892,11.18301560729742,30.224094917660693
2026-06-25,2026-07-02,26,2026,P083,18.36929014280681,77.19995973025816,Latur,high,priority,,37.978792421519756,25.587524759201813
2026-07-02,2026-07-09,27,2026,P083,18.36929014280681,77.19995973025816,Latur,high,priority,,12.521515361964703,24.799087233770535
2026-07-09,2026-07-16,28,2026,P083,18.36929014280681,77.19995973025816,Latur,high,priority,,0.5986292064189911,26.767180924188494
2026-07-16,2026-07-23,29,2026,P083,18.36929014280681,77.19995973025816,Latur,high,priority,,87.47344699501991,24.862321290515695
2026-07-23,2026-07-30,30,2026,P083,18.36929014280681,77.19995973025816,Latur,high,priority,,49.05197188258171,24.73214756193613
2026-07-30,2026-08-06,31,2026,P083,18.36929014280681,77.19995973025816,Latur,high,priority,,46.8423525467515,24.788884735107445
2026-08-06,2026-08-13,32,2026,P083,18.36929014280681,77.19995973025816,Latur,high,priority,0.7300971150398254,24.04749596863985,25.269814427693746
2026-08-13,2026-08-20,33,2026,P083,18.36929014280681,77.19995973025816,Latur,high,priority,,4.138176530599594,24.924687594459158
2026-08-20,2026-08-27,34,2026,P083,18.36929014280681,77.19995973025816,Latur,high,priority,,19.559975877404213,25.184319432576558
2026-08-27,2026-09-03,35,2026,P083,18.36929014280681,77.19995973025816,Latur,high,priority,0.7374552488327026,5.934959337115288,25.13130086263027
2026-09-03,2026-09-10,36,2026,P083,18.36929014280681,77.19995973025816,Latur,high,priority,,3.7089154720306396,24.823560333251976
2026-06-18,2026-06-25,25,2026,P084,18.463624680619493,76.82249738663205,Latur,high,priority,0.10739502310752869,6.960108682513237,29.707865378970155
2026-06-25,2026-07-02,26,2026,P084,18.463624680619493,76.82249738663205,Latur,high,priority,,37.674197755753994,25.406918825422053
2026-07-02,2026-07-09,27,2026,P084,18.463624680619493,76.82249738663205,Latur,high,priority,,10.135734736919403,24.363028826032405
2026-07-09,2026-07-16,28,2026,P084,18.463624680619493,76.82249738663205,Latur,high,priority,,0.5082845985889435,26.247393907819514
2026-07-16,2026-07-23,29,2026,P084,18.463624680619493,76.82249738663205,Latur,high,priority,,68.38731252402067,24.430773671468103
2026-07-23,2026-07-30,30,2026,P084,18.463624680619493,76.82249738663205,Latur,high,priority,0.09988156706094742,28.462824389338493,24.439271817888596
2026-07-30,2026-08-06,31,2026,P084,18.463624680619493,76.82249738663205,Latur,high,priority,,49.76082005351782,24.422615668887147
2026-08-06,2026-08-13,32,2026,P084,18.463624680619493,76.82249738663205,Latur,high,priority,,16.022484824061394,24.7705817268008
2026-08-13,2026-08-20,33,2026,P084,18.463624680619493,76.82249738663205,Latur,high,priority,,5.708848871290684,24.519786180768733
2026-08-20,2026-08-27,34,2026,P084,18.463624680619493,76.82249738663205,Latur,high,priority,,13.853754460811615,24.807563945225354
2026-08-27,2026-09-03,35,2026,P084,18.463624680619493,76.82249738663205,Latur,high,priority,,4.53953243792057,24.72376040504099
2026-09-03,2026-09-10,36,2026,P084,18.463624680619493,76.82249738663205,Latur,high,priority,,1.7801535949110985,24.43199946085616
2026-06-18,2026-06-25,25,2026,P085,18.147883987773707,76.77194494109243,Latur,high,priority,0.23776352405548096,3.8690282851457596,29.778898675101175
2026-06-25,2026-07-02,26,2026,P085,18.147883987773707,76.77194494109243,Latur,high,priority,,37.96556754410267,25.29226573762446
2026-07-02,2026-07-09,27,2026,P085,18.147883987773707,76.77194494109243,Latur,high,priority,,12.324095211923122,24.113110206240663
2026-07-09,2026-07-16,28,2026,P085,18.147883987773707,76.77194494109243,Latur,high,priority,,2.7723682895302773,25.83125039963494
2026-07-16,2026-07-23,29,2026,P085,18.147883987773707,76.77194494109243,Latur,high,priority,,66.59579915553331,24.226579103015695
2026-07-23,2026-07-30,30,2026,P085,18.147883987773707,76.77194494109243,Latur,high,priority,,27.787586584687233,24.29732148306715
2026-07-30,2026-08-06,31,2026,P085,18.147883987773707,76.77194494109243,Latur,high,priority,,35.137473434209824,24.31541468302413
2026-08-06,2026-08-13,32,2026,P085,18.147883987773707,76.77194494109243,Latur,high,priority,,18.946123749017715,24.693084516979354
2026-08-13,2026-08-20,33,2026,P085,18.147883987773707,76.77194494109243,Latur,high,priority,,6.297239780426025,24.459971727643733
2026-08-20,2026-08-27,34,2026,P085,18.147883987773707,76.77194494109243,Latur,high,priority,,10.491201549768448,24.74276204790391
2026-08-27,2026-09-03,35,2026,P085,18.147883987773707,76.77194494109243,Latur,high,priority,0.5890322923660278,3.4048377573490143,24.65910964239214
2026-09-03,2026-09-10,36,2026,P085,18.147883987773707,76.77194494109243,Latur,high,priority,,3.0808936059474945,24.268181101481105
2026-06-18,2026-06-25,25,2026,P147,17.927233301558573,73.94769952894042,Satara,case_study,case_study,,70.29638294875622,25.051940899803526
2026-06-25,2026-07-02,26,2026,P147,17.927233301558573,73.94769952894042,Satara,case_study,case_study,,119.9273284599185,23.334839212326756
2026-07-02,2026-07-09,27,2026,P147,17.927233301558573,73.94769952894042,Satara,case_study,case_study,,562.8626121729612,22.42018098377048
2026-07-09,2026-07-16,28,2026,P147,17.927233301558573,73.94769952894042,Satara,case_study,case_study,0.5513941049575806,7.695948019623756,23.64840069725409
2026-07-16,2026-07-23,29,2026,P147,17.927233301558573,73.94769952894042,Satara,case_study,case_study,,184.8227416947484,22.74904004051581
2026-07-23,2026-07-30,30,2026,P147,17.927233301558573,73.94769952894042,Satara,case_study,case_study,,164.1068876683712,22.852090363275465
2026-07-30,2026-08-06,31,2026,P147,17.927233301558573,73.94769952894042,Satara,case_study,case_study,,247.24886079877615,22.878205326625277
2026-08-06,2026-08-13,32,2026,P147,17.927233301558573,73.94769952894042,Satara,case_study,case_study,,88.35901018232107,22.828047779628207
2026-08-13,2026-08-20,33,2026,P147,17.927233301558573,73.94769952894042,Satara,case_study,case_study,,87.27822795510292,22.597794923328195
2026-08-20,2026-08-27,34,2026,P147,17.927233301558573,73.94769952894042,Satara,case_study,case_study,,44.525017373263836,22.971870585850354
2026-08-27,2026-09-03,35,2026,P147,17.927233301558573,73.94769952894042,Satara,case_study,case_study,,65.81127750128508,22.68220999581473
2026-09-03,2026-09-10,36,2026,P147,17.927233301558573,73.94769952894042,Satara,case_study,case_study,,35.15161668509245,22.772005971272847
