Week_Start,Week_End,Week_Number,Year,point_id,CHIRPS_mm
2026-06-18,2026-06-25,25,2026,P147,59.657569885253906
2026-06-18,2026-06-25,25,2026,P061,21.297733783721924
2026-06-18,2026-06-25,25,2026,P062,19.90848159790039
2026-06-18,2026-06-25,25,2026,P063,35.079834938049316
2026-06-18,2026-06-25,25,2026,P064,18.32209014892578
2026-06-18,2026-06-25,25,2026,P065,20.42111587524414
2026-06-18,2026-06-25,25,2026,P066,19.588871002197266
2026-06-18,2026-06-25,25,2026,P067,35.765868186950684
2026-06-18,2026-06-25,25,2026,P068,22.617950439453125
2026-06-18,2026-06-25,25,2026,P069,20.805205821990967
2026-06-18,2026-06-25,25,2026,P070,33.88431692123413
2026-06-18,2026-06-25,25,2026,P071,18.603025436401367
2026-06-18,2026-06-25,25,2026,P072,24.73465919494629
2026-06-18,2026-06-25,25,2026,P073,15.410347938537598
2026-06-18,2026-06-25,25,2026,P074,19.123416900634766
2026-06-18,2026-06-25,25,2026,P075,33.65203619003296
2026-06-18,2026-06-25,25,2026,P076,18.011690139770508
2026-06-18,2026-06-25,25,2026,P077,17.730791091918945
2026-06-18,2026-06-25,25,2026,P078,24.844935417175293
2026-06-18,2026-06-25,25,2026,P079,18.468732833862305
2026-06-18,2026-06-25,25,2026,P080,19.77889633178711
2026-06-18,2026-06-25,25,2026,P081,18.682178497314453
2026-06-18,2026-06-25,25,2026,P082,22.05342674255371
2026-06-18,2026-06-25,25,2026,P083,37.208229064941406
2026-06-18,2026-06-25,25,2026,P084,26.542009353637695
2026-06-18,2026-06-25,25,2026,P085,16.893945693969727
2026-06-25,2026-07-02,26,2026,P147,90.43922424316406
2026-06-25,2026-07-02,26,2026,P061,52.94959592819214
2026-06-25,2026-07-02,26,2026,P062,41.99188423156738
2026-06-25,2026-07-02,26,2026,P063,61.628928899765015
2026-06-25,2026-07-02,26,2026,P064,44.84732723236084
2026-06-25,2026-07-02,26,2026,P065,43.242961406707764
2026-06-25,2026-07-02,26,2026,P066,48.71277618408203
2026-06-25,2026-07-02,26,2026,P067,55.39384341239929
2026-06-25,2026-07-02,26,2026,P068,41.99636363983154
2026-06-25,2026-07-02,26,2026,P069,52.695438385009766
2026-06-25,2026-07-02,26,2026,P070,45.573486328125
2026-06-25,2026-07-02,26,2026,P071,48.88963222503662
2026-06-25,2026-07-02,26,2026,P072,43.08073425292969
2026-06-25,2026-07-02,26,2026,P073,52.07652139663696
2026-06-25,2026-07-02,26,2026,P074,53.38814067840576
2026-06-25,2026-07-02,26,2026,P075,44.970481872558594
2026-06-25,2026-07-02,26,2026,P076,40.5640344619751
2026-06-25,2026-07-02,26,2026,P077,45.552213191986084
2026-06-25,2026-07-02,26,2026,P078,44.04661178588867
2026-06-25,2026-07-02,26,2026,P079,57.151347160339355
2026-06-25,2026-07-02,26,2026,P080,40.66900300979614
2026-06-25,2026-07-02,26,2026,P081,46.54348373413086
2026-06-25,2026-07-02,26,2026,P082,47.93375015258789
2026-06-25,2026-07-02,26,2026,P083,52.72555351257324
2026-06-25,2026-07-02,26,2026,P084,47.60458946228027
2026-06-25,2026-07-02,26,2026,P085,43.17939853668213
2026-07-02,2026-07-09,27,2026,P147,264.7581329345703
2026-07-02,2026-07-09,27,2026,P061,10.774079322814941
2026-07-02,2026-07-09,27,2026,P062,9.553662300109863
2026-07-02,2026-07-09,27,2026,P063,3.7721173763275146
2026-07-02,2026-07-09,27,2026,P064,0.0
2026-07-02,2026-07-09,27,2026,P065,7.1733551025390625
2026-07-02,2026-07-09,27,2026,P066,9.747139930725098
2026-07-02,2026-07-09,27,2026,P067,5.668384075164795
2026-07-02,2026-07-09,27,2026,P068,6.79621696472168
2026-07-02,2026-07-09,27,2026,P069,9.946533203125
2026-07-02,2026-07-09,27,2026,P070,9.587451934814453
2026-07-02,2026-07-09,27,2026,P071,9.944543838500977
2026-07-02,2026-07-09,27,2026,P072,9.073594093322754
2026-07-02,2026-07-09,27,2026,P073,0.0
2026-07-02,2026-07-09,27,2026,P074,10.677940368652344
2026-07-02,2026-07-09,27,2026,P075,11.436162948608398
2026-07-02,2026-07-09,27,2026,P076,7.533113956451416
2026-07-02,2026-07-09,27,2026,P077,10.491083145141602
2026-07-02,2026-07-09,27,2026,P078,0.0
2026-07-02,2026-07-09,27,2026,P079,0.0
2026-07-02,2026-07-09,27,2026,P080,6.989734649658203
2026-07-02,2026-07-09,27,2026,P081,0.0
2026-07-02,2026-07-09,27,2026,P082,0.0
2026-07-02,2026-07-09,27,2026,P083,9.298809051513672
2026-07-02,2026-07-09,27,2026,P084,11.744282722473145
2026-07-02,2026-07-09,27,2026,P085,0.0
2026-07-09,2026-07-16,28,2026,P147,0.0
2026-07-09,2026-07-16,28,2026,P061,8.283425331115723
2026-07-09,2026-07-16,28,2026,P062,0.0
2026-07-09,2026-07-16,28,2026,P063,0.0
2026-07-09,2026-07-16,28,2026,P064,0.0
2026-07-09,2026-07-16,28,2026,P065,0.0
2026-07-09,2026-07-16,28,2026,P066,0.0
2026-07-09,2026-07-16,28,2026,P067,0.0
2026-07-09,2026-07-16,28,2026,P068,0.0
2026-07-09,2026-07-16,28,2026,P069,0.0
2026-07-09,2026-07-16,28,2026,P070,0.0
2026-07-09,2026-07-16,28,2026,P071,0.0
2026-07-09,2026-07-16,28,2026,P072,0.0
2026-07-09,2026-07-16,28,2026,P073,0.0
2026-07-09,2026-07-16,28,2026,P074,0.0
2026-07-09,2026-07-16,28,2026,P075,0.0
2026-07-09,2026-07-16,28,2026,P076,0.0
2026-07-09,2026-07-16,28,2026,P077,0.0
2026-07-09,2026-07-16,28,2026,P078,0.0
2026-07-09,2026-07-16,28,2026,P079,0.0
2026-07-09,2026-07-16,28,2026,P080,0.0
2026-07-09,2026-07-16,28,2026,P081,0.0
2026-07-09,2026-07-16,28,2026,P082,0.0
2026-07-09,2026-07-16,28,2026,P083,0.0
2026-07-09,2026-07-16,28,2026,P084,0.0
2026-07-09,2026-07-16,28,2026,P085,0.0
2026-07-16,2026-07-23,29,2026,P147,23.66853904724121
2026-07-16,2026-07-23,29,2026,P061,73.10873031616211
2026-07-16,2026-07-23,29,2026,P062,58.171387672424316
2026-07-16,2026-07-23,29,2026,P063,55.96103382110596
2026-07-16,2026-07-23,29,2026,P064,64.84466361999512
2026-07-16,2026-07-23,29,2026,P065,59.31424140930176
2026-07-16,2026-07-23,29,2026,P066,53.426618576049805
2026-07-16,2026-07-23,29,2026,P067,49.60155487060547
2026-07-16,2026-07-23,29,2026,P068,54.23623085021973
2026-07-16,2026-07-23,29,2026,P069,73.9158182144165
2026-07-16,2026-07-23,29,2026,P070,61.16454362869263
2026-07-16,2026-07-23,29,2026,P071,60.16024589538574
2026-07-16,2026-07-23,29,2026,P072,56.19587707519531
2026-07-16,2026-07-23,29,2026,P073,51.73110866546631
2026-07-16,2026-07-23,29,2026,P074,85.26210498809814
2026-07-16,2026-07-23,29,2026,P075,58.38932228088379
2026-07-16,2026-07-23,29,2026,P076,55.14790058135986
2026-07-16,2026-07-23,29,2026,P077,55.123008728027344
2026-07-16,2026-07-23,29,2026,P078,62.26522445678711
2026-07-16,2026-07-23,29,2026,P079,92.51276779174805
2026-07-16,2026-07-23,29,2026,P080,56.562458992004395
2026-07-16,2026-07-23,29,2026,P081,55.10114860534668
2026-07-16,2026-07-23,29,2026,P082,68.70943641662598
2026-07-16,2026-07-23,29,2026,P083,55.077415466308594
2026-07-16,2026-07-23,29,2026,P084,71.2637071609497
2026-07-16,2026-07-23,29,2026,P085,54.26481628417969
2026-07-23,2026-07-30,30,2026,P147,62.69062042236328
2026-07-23,2026-07-30,30,2026,P061,81.25275611877441
2026-07-23,2026-07-30,30,2026,P062,47.44680404663086
2026-07-23,2026-07-30,30,2026,P063,75.12517547607422
2026-07-23,2026-07-30,30,2026,P064,61.471553802490234
2026-07-23,2026-07-30,30,2026,P065,56.53912162780762
2026-07-23,2026-07-30,30,2026,P066,35.145652770996094
2026-07-23,2026-07-30,30,2026,P067,63.54376029968262
2026-07-23,2026-07-30,30,2026,P068,64.57398891448975
2026-07-23,2026-07-30,30,2026,P069,88.14936447143555
2026-07-23,2026-07-30,30,2026,P070,73.18672180175781
2026-07-23,2026-07-30,30,2026,P071,42.374542236328125
2026-07-23,2026-07-30,30,2026,P072,56.37604808807373
2026-07-23,2026-07-30,30,2026,P073,52.55459785461426
2026-07-23,2026-07-30,30,2026,P074,81.22250747680664
2026-07-23,2026-07-30,30,2026,P075,73.8767499923706
2026-07-23,2026-07-30,30,2026,P076,44.48946762084961
2026-07-23,2026-07-30,30,2026,P077,54.34176254272461
2026-07-23,2026-07-30,30,2026,P078,59.39534378051758
2026-07-23,2026-07-30,30,2026,P079,70.77416610717773
2026-07-23,2026-07-30,30,2026,P080,44.46628761291504
2026-07-23,2026-07-30,30,2026,P081,52.86427068710327
2026-07-23,2026-07-30,30,2026,P082,55.91353940963745
2026-07-23,2026-07-30,30,2026,P083,68.83573007583618
2026-07-23,2026-07-30,30,2026,P084,82.95024681091309
2026-07-23,2026-07-30,30,2026,P085,60.9256649017334
2026-07-30,2026-08-01,31,2026,P147,96.08634948730469
2026-07-30,2026-08-01,31,2026,P061,81.25275611877441
2026-07-30,2026-08-01,31,2026,P062,86.98580551147461
2026-07-30,2026-08-01,31,2026,P063,68.29561233520508
2026-07-30,2026-08-01,31,2026,P064,76.8394422531128
2026-07-30,2026-08-01,31,2026,P065,69.1033706665039
2026-07-30,2026-08-01,31,2026,P066,87.86413192749023
2026-07-30,2026-08-01,31,2026,P067,79.42970275878906
2026-07-30,2026-08-01,31,2026,P068,71.27193927764893
2026-07-30,2026-08-01,31,2026,P069,73.45780372619629
2026-07-30,2026-08-01,31,2026,P070,81.31857872009277
2026-07-30,2026-08-01,31,2026,P071,84.74908828735352
2026-07-30,2026-08-01,31,2026,P072,80.5372142791748
2026-07-30,2026-08-01,31,2026,P073,75.22347831726074
2026-07-30,2026-08-01,31,2026,P074,90.24723052978516
2026-07-30,2026-08-01,31,2026,P075,82.08527565002441
2026-07-30,2026-08-01,31,2026,P076,76.26765632629395
2026-07-30,2026-08-01,31,2026,P077,67.92720317840576
2026-07-30,2026-08-01,31,2026,P078,74.24417972564697
2026-07-30,2026-08-01,31,2026,P079,117.95693969726562
2026-07-30,2026-08-01,31,2026,P080,88.93257522583008
2026-07-30,2026-08-01,31,2026,P081,75.52038669586182
2026-07-30,2026-08-01,31,2026,P082,87.8641357421875
2026-07-30,2026-08-01,31,2026,P083,76.48414134979248
2026-07-30,2026-08-01,31,2026,P084,82.95024871826172
2026-07-30,2026-08-01,31,2026,P085,67.69518375396729
