Week_Start,Week_End,Week_Number,Year,point_id,CHIRPS_mm,GSMaP_mm
2026-06-18,2026-06-25,25,2026,P061,21.297733783721924,9.499836385250092
2026-06-25,2026-07-02,26,2026,P061,52.94959592819214,37.96813999116421
2026-07-02,2026-07-09,27,2026,P061,10.774079322814941,7.448133714497089
2026-07-09,2026-07-16,28,2026,P061,8.283425331115723,0.5244323760271072
2026-07-16,2026-07-23,29,2026,P061,73.10873031616211,70.60514286905527
2026-07-23,2026-07-30,30,2026,P061,81.25275611877441,34.72027100622654
2026-07-30,2026-08-01,31,2026,P061,81.25275611877441,50.19125854969025
2026-06-18,2026-06-25,25,2026,P062,19.90848159790039,2.9725123792886734
2026-06-25,2026-07-02,26,2026,P062,41.99188423156738,40.47968916594982
2026-07-02,2026-07-09,27,2026,P062,9.553662300109863,2.201223611831665
2026-07-09,2026-07-16,28,2026,P062,0.0,4.301975280046463
2026-07-16,2026-07-23,29,2026,P062,58.171387672424316,48.76579895615578
2026-07-23,2026-07-30,30,2026,P062,47.44680404663086,11.493676044046879
2026-07-30,2026-08-01,31,2026,P062,86.98580551147461,24.500307649374008
2026-06-18,2026-06-25,25,2026,P063,35.079834938049316,9.73393102735281
2026-06-25,2026-07-02,26,2026,P063,61.628928899765015,37.593829572200775
2026-07-02,2026-07-09,27,2026,P063,3.7721173763275146,12.285294838249683
2026-07-09,2026-07-16,28,2026,P063,0.0,0.5639657825231552
2026-07-16,2026-07-23,29,2026,P063,55.96103382110596,82.91790942847729
2026-07-23,2026-07-30,30,2026,P063,75.12517547607422,43.47792012989521
2026-07-30,2026-08-01,31,2026,P063,68.29561233520508,29.51206048578024
2026-06-18,2026-06-25,25,2026,P064,18.32209014892578,3.8690282851457596
2026-06-25,2026-07-02,26,2026,P064,44.84732723236084,37.96556754410267
2026-07-02,2026-07-09,27,2026,P064,0.0,12.324095211923122
2026-07-09,2026-07-16,28,2026,P064,0.0,2.7723682895302773
2026-07-16,2026-07-23,29,2026,P064,64.84466361999512,66.59579915553331
2026-07-23,2026-07-30,30,2026,P064,61.471553802490234,27.787586584687233
2026-07-30,2026-08-01,31,2026,P064,76.8394422531128,26.609292224049568
2026-06-18,2026-06-25,25,2026,P065,20.42111587524414,2.266599915921688
2026-06-25,2026-07-02,26,2026,P065,43.242961406707764,44.64835062623024
2026-07-02,2026-07-09,27,2026,P065,7.1733551025390625,5.589311197400093
2026-07-09,2026-07-16,28,2026,P065,0.0,4.00525276362896
2026-07-16,2026-07-23,29,2026,P065,59.31424140930176,56.59867166727781
2026-07-23,2026-07-30,30,2026,P065,56.53912162780762,15.035408936440945
2026-07-30,2026-08-01,31,2026,P065,69.1033706665039,24.399334877729416
2026-06-18,2026-06-25,25,2026,P066,19.588871002197266,2.1657121181488037
2026-06-25,2026-07-02,26,2026,P066,48.71277618408203,39.760984010994434
2026-07-02,2026-07-09,27,2026,P066,9.747139930725098,8.821818880736828
2026-07-09,2026-07-16,28,2026,P066,0.0,3.5866723135113716
2026-07-16,2026-07-23,29,2026,P066,53.426618576049805,63.70939467102289
2026-07-23,2026-07-30,30,2026,P066,35.145652770996094,21.66640516370535
2026-07-30,2026-08-01,31,2026,P066,87.86413192749023,23.134379036724567
2026-06-18,2026-06-25,25,2026,P067,35.765868186950684,9.73393102735281
2026-06-25,2026-07-02,26,2026,P067,55.39384341239929,37.593829572200775
2026-07-02,2026-07-09,27,2026,P067,5.668384075164795,12.285294838249683
2026-07-09,2026-07-16,28,2026,P067,0.0,0.5639657825231552
2026-07-16,2026-07-23,29,2026,P067,49.60155487060547,82.91790942847729
2026-07-23,2026-07-30,30,2026,P067,63.54376029968262,43.47792012989521
2026-07-30,2026-08-01,31,2026,P067,79.42970275878906,29.51206048578024
2026-06-18,2026-06-25,25,2026,P068,22.617950439453125,4.457667164504528
2026-06-25,2026-07-02,26,2026,P068,41.99636363983154,38.406783036887646
2026-07-02,2026-07-09,27,2026,P068,6.79621696472168,12.050799302756786
2026-07-09,2026-07-16,28,2026,P068,0.0,2.26360110193491
2026-07-16,2026-07-23,29,2026,P068,54.23623085021973,68.23768815398216
2026-07-23,2026-07-30,30,2026,P068,64.57398891448975,30.249111525714397
2026-07-30,2026-08-01,31,2026,P068,71.27193927764893,27.30684994906187
2026-06-18,2026-06-25,25,2026,P069,20.805205821990967,10.533766098320484
2026-06-25,2026-07-02,26,2026,P069,52.695438385009766,40.12986432760954
2026-07-02,2026-07-09,27,2026,P069,9.946533203125,9.564100250601768
2026-07-09,2026-07-16,28,2026,P069,0.0,0.5744953155517578
2026-07-16,2026-07-23,29,2026,P069,73.9158182144165,81.63796741515398
2026-07-23,2026-07-30,30,2026,P069,88.14936447143555,53.64087554067373
2026-07-30,2026-08-01,31,2026,P069,73.45780372619629,52.62994787096977
2026-06-18,2026-06-25,25,2026,P070,33.88431692123413,9.015434570610523
2026-06-25,2026-07-02,26,2026,P070,45.573486328125,38.666201531887054
2026-07-02,2026-07-09,27,2026,P070,9.587451934814453,11.074094183743
2026-07-09,2026-07-16,28,2026,P070,0.0,0.5884178131818771
2026-07-16,2026-07-23,29,2026,P070,61.16454362869263,84.1559903845191
2026-07-23,2026-07-30,30,2026,P070,73.18672180175781,49.7959391400218
2026-07-30,2026-08-01,31,2026,P070,81.31857872009277,41.593132093548775
2026-06-18,2026-06-25,25,2026,P071,18.603025436401367,3.2778567895293236
2026-06-25,2026-07-02,26,2026,P071,48.88963222503662,37.60368412733078
2026-07-02,2026-07-09,27,2026,P071,9.944543838500977,11.669830732047558
2026-07-09,2026-07-16,28,2026,P071,0.0,3.090169809758663
2026-07-16,2026-07-23,29,2026,P071,60.16024589538574,65.89915301650763
2026-07-23,2026-07-30,30,2026,P071,42.374542236328125,25.82998152822256
2026-07-30,2026-08-01,31,2026,P071,84.74908828735352,25.56114476174116
2026-06-18,2026-06-25,25,2026,P072,24.73465919494629,4.475508019328117
2026-06-25,2026-07-02,26,2026,P072,43.08073425292969,39.90878776460886
2026-07-02,2026-07-09,27,2026,P072,9.073594093322754,11.72559154778719
2026-07-09,2026-07-16,28,2026,P072,0.0,2.8203998133540154
2026-07-16,2026-07-23,29,2026,P072,56.19587707519531,68.14375138282776
2026-07-23,2026-07-30,30,2026,P072,56.37604808807373,26.868365459144115
2026-07-30,2026-08-01,31,2026,P072,80.5372142791748,29.19990049302578
2026-06-18,2026-06-25,25,2026,P073,15.410347938537598,1.5536686554551125
2026-06-25,2026-07-02,26,2026,P073,52.07652139663696,32.02068351209164
2026-07-02,2026-07-09,27,2026,P073,0.0,13.48579116910696
2026-07-09,2026-07-16,28,2026,P073,0.0,0.7335179299116135
2026-07-16,2026-07-23,29,2026,P073,51.73110866546631,61.39219031482935
2026-07-23,2026-07-30,30,2026,P073,52.55459785461426,30.24236572533846
2026-07-30,2026-08-01,31,2026,P073,75.22347831726074,22.42958964407444
2026-06-18,2026-06-25,25,2026,P074,19.123416900634766,9.388825304806232
2026-06-25,2026-07-02,26,2026,P074,53.38814067840576,37.60816599428654
2026-07-02,2026-07-09,27,2026,P074,10.677940368652344,7.659026585519314
2026-07-09,2026-07-16,28,2026,P074,0.0,0.49193254113197327
2026-07-16,2026-07-23,29,2026,P074,85.26210498809814,66.54134138673544
2026-07-23,2026-07-30,30,2026,P074,81.22250747680664,27.581135466694832
2026-07-30,2026-08-01,31,2026,P074,90.24723052978516,49.40910266339779
2026-06-18,2026-06-25,25,2026,P075,33.65203619003296,9.397008299827576
2026-06-25,2026-07-02,26,2026,P075,44.970481872558594,39.1711657717824
2026-07-02,2026-07-09,27,2026,P075,11.436162948608398,10.53805474191904
2026-07-09,2026-07-16,28,2026,P075,0.0,0.5988886505365372
2026-07-16,2026-07-23,29,2026,P075,58.38932228088379,86.88907999545336
2026-07-23,2026-07-30,30,2026,P075,73.8767499923706,53.0719435736537
2026-07-30,2026-08-01,31,2026,P075,82.08527565002441,41.79447674751282
2026-06-18,2026-06-25,25,2026,P076,18.011690139770508,1.44133859872818
2026-06-25,2026-07-02,26,2026,P076,40.5640344619751,46.05720487982035
2026-07-02,2026-07-09,27,2026,P076,7.533113956451416,3.4330781921744347
2026-07-09,2026-07-16,28,2026,P076,0.0,4.90209786593914
2026-07-16,2026-07-23,29,2026,P076,55.14790058135986,51.20139121264219
2026-07-23,2026-07-30,30,2026,P076,44.48946762084961,11.271841123700142
2026-07-30,2026-08-01,31,2026,P076,76.26765632629395,18.522050984203815
2026-06-18,2026-06-25,25,2026,P077,17.730791091918945,0.5177658349275589
2026-06-25,2026-07-02,26,2026,P077,45.552213191986084,37.07199990749359
2026-07-02,2026-07-09,27,2026,P077,10.491083145141602,9.887736469507217
2026-07-09,2026-07-16,28,2026,P077,0.0,3.6287604570388794
2026-07-16,2026-07-23,29,2026,P077,55.123008728027344,62.66998814791441
2026-07-23,2026-07-30,30,2026,P077,54.34176254272461,23.10404870659113
2026-07-30,2026-08-01,31,2026,P077,67.92720317840576,20.60975693911314
2026-06-18,2026-06-25,25,2026,P078,24.844935417175293,5.482310131192207
2026-06-25,2026-07-02,26,2026,P078,44.04661178588867,37.59627416729927
2026-07-02,2026-07-09,27,2026,P078,0.0,12.148284614086151
2026-07-09,2026-07-16,28,2026,P078,0.0,0.718842014670372
2026-07-16,2026-07-23,29,2026,P078,62.26522445678711,73.80088103562593
2026-07-23,2026-07-30,30,2026,P078,59.39534378051758,35.477468974888325
2026-07-30,2026-08-01,31,2026,P078,74.24417972564697,27.400451071560383
2026-06-18,2026-06-25,25,2026,P079,18.468732833862305,11.58830976486206
2026-06-25,2026-07-02,26,2026,P079,57.151347160339355,37.5541969537735
2026-07-02,2026-07-09,27,2026,P079,0.0,7.562757298350334
2026-07-09,2026-07-16,28,2026,P079,0.0,0.42035503685474396
2026-07-16,2026-07-23,29,2026,P079,92.51276779174805,62.73318571597338
2026-07-23,2026-07-30,30,2026,P079,70.77416610717773,22.48306966573
2026-07-30,2026-08-01,31,2026,P079,117.95693969726562,59.913346350193024
2026-06-18,2026-06-25,25,2026,P080,19.77889633178711,2.9725123792886734
2026-06-25,2026-07-02,26,2026,P080,40.66900300979614,40.47968916594982
2026-07-02,2026-07-09,27,2026,P080,6.989734649658203,2.201223611831665
2026-07-09,2026-07-16,28,2026,P080,0.0,4.301975280046463
2026-07-16,2026-07-23,29,2026,P080,56.562458992004395,48.76579895615578
2026-07-23,2026-07-30,30,2026,P080,44.46628761291504,11.493676044046879
2026-07-30,2026-08-01,31,2026,P080,88.93257522583008,24.500307649374008
2026-06-18,2026-06-25,25,2026,P081,18.682178497314453,3.2778567895293236
2026-06-25,2026-07-02,26,2026,P081,46.54348373413086,37.60368412733078
2026-07-02,2026-07-09,27,2026,P081,0.0,11.669830732047558
2026-07-09,2026-07-16,28,2026,P081,0.0,3.090169809758663
2026-07-16,2026-07-23,29,2026,P081,55.10114860534668,65.89915301650763
2026-07-23,2026-07-30,30,2026,P081,52.86427068710327,25.82998152822256
2026-07-30,2026-08-01,31,2026,P081,75.52038669586182,25.56114476174116
2026-06-18,2026-06-25,25,2026,P082,22.05342674255371,3.6262730211019516
2026-06-25,2026-07-02,26,2026,P082,47.93375015258789,40.583529092371464
2026-07-02,2026-07-09,27,2026,P082,0.0,11.237737715244293
2026-07-09,2026-07-16,28,2026,P082,0.0,3.1161850318312645
2026-07-16,2026-07-23,29,2026,P082,68.70943641662598,66.96548968553543
2026-07-23,2026-07-30,30,2026,P082,55.91353940963745,24.80816239118576
2026-07-30,2026-08-01,31,2026,P082,87.8641357421875,28.02619044482708
2026-06-18,2026-06-25,25,2026,P083,37.208229064941406,11.18301560729742
2026-06-25,2026-07-02,26,2026,P083,52.72555351257324,37.978792421519756
2026-07-02,2026-07-09,27,2026,P083,9.298809051513672,12.521515361964703
2026-07-09,2026-07-16,28,2026,P083,0.0,0.5986292064189911
2026-07-16,2026-07-23,29,2026,P083,55.077415466308594,87.47344699501991
2026-07-23,2026-07-30,30,2026,P083,68.83573007583618,49.05197188258171
2026-07-30,2026-08-01,31,2026,P083,76.48414134979248,33.394312620162964
2026-06-18,2026-06-25,25,2026,P084,26.542009353637695,6.960108682513237
2026-06-25,2026-07-02,26,2026,P084,47.60458946228027,37.674197755753994
2026-07-02,2026-07-09,27,2026,P084,11.744282722473145,10.135734736919403
2026-07-09,2026-07-16,28,2026,P084,0.0,0.5082845985889435
2026-07-16,2026-07-23,29,2026,P084,71.2637071609497,68.38731252402067
2026-07-23,2026-07-30,30,2026,P084,82.95024681091309,28.462824389338493
2026-07-30,2026-08-01,31,2026,P084,82.95024871826172,40.4523244202137
2026-06-18,2026-06-25,25,2026,P085,16.893945693969727,3.8690282851457596
2026-06-25,2026-07-02,26,2026,P085,43.17939853668213,37.96556754410267
2026-07-02,2026-07-09,27,2026,P085,0.0,12.324095211923122
2026-07-09,2026-07-16,28,2026,P085,0.0,2.7723682895302773
2026-07-16,2026-07-23,29,2026,P085,54.26481628417969,66.59579915553331
2026-07-23,2026-07-30,30,2026,P085,60.9256649017334,27.787586584687233
2026-07-30,2026-08-01,31,2026,P085,67.69518375396729,26.609292224049568
2026-06-18,2026-06-25,25,2026,P147,59.657569885253906,70.29638294875622
2026-06-25,2026-07-02,26,2026,P147,90.43922424316406,119.9273284599185
2026-07-02,2026-07-09,27,2026,P147,264.7581329345703,562.8626121729612
2026-07-09,2026-07-16,28,2026,P147,0.0,7.695948019623756
2026-07-16,2026-07-23,29,2026,P147,23.66853904724121,184.8227416947484
2026-07-23,2026-07-30,30,2026,P147,62.69062042236328,164.1068876683712
2026-07-30,2026-08-01,31,2026,P147,96.08634948730469,111.27553107589483
