Week_Start,Week_End,Week_Number,Year,point_id,CHIRPS_mm,GSMaP_mm,Difference_mm,Absolute_Difference_mm,Relative_Difference_Percent
2026-06-18,2026-06-25,25,2026,P061,21.297733783721924,9.499836385250092,-11.797897398471832,11.797897398471832,-55.395083431313644
2026-06-25,2026-07-02,26,2026,P061,52.94959592819214,37.96813999116421,-14.981455937027931,14.981455937027931,-28.293805976055243
2026-07-02,2026-07-09,27,2026,P061,10.774079322814941,7.448133714497089,-3.325945608317852,3.325945608317852,-30.869882322797704
2026-07-09,2026-07-16,28,2026,P061,8.283425331115723,0.5244323760271072,-7.758992955088615,7.758992955088615,-93.66889474989122
2026-07-16,2026-07-23,29,2026,P061,73.10873031616211,70.60514286905527,-2.5035874471068382,2.5035874471068382,-3.4244712447883554
2026-07-23,2026-07-30,30,2026,P061,81.25275611877441,34.72027100622654,-46.532485112547874,46.532485112547874,-57.26880826605707
2026-07-30,2026-08-01,31,2026,P061,81.25275611877441,50.19125854969025,-31.061497569084167,31.061497569084167,-38.22823871190142
2026-06-18,2026-06-25,25,2026,P062,19.90848159790039,2.9725123792886734,-16.935969218611717,16.935969218611717,-85.06911556930507
2026-06-25,2026-07-02,26,2026,P062,41.99188423156738,40.47968916594982,-1.5121950656175613,1.5121950656175613,-3.6011603034492303
2026-07-02,2026-07-09,27,2026,P062,9.553662300109863,2.201223611831665,-7.352438688278198,7.352438688278198,-76.9593738748087
2026-07-09,2026-07-16,28,2026,P062,0.0,4.301975280046463,4.301975280046463,4.301975280046463,
2026-07-16,2026-07-23,29,2026,P062,58.171387672424316,48.76579895615578,-9.40558871626854,9.40558871626854,-16.16875424948335
2026-07-23,2026-07-30,30,2026,P062,47.44680404663086,11.493676044046879,-35.95312800258398,35.95312800258398,-75.7756580764621
2026-07-30,2026-08-01,31,2026,P062,86.98580551147461,24.500307649374008,-62.4854978621006,62.4854978621006,-71.83413143637316
2026-06-18,2026-06-25,25,2026,P063,35.079834938049316,9.73393102735281,-25.345903910696507,25.345903910696507,-72.25206149190026
2026-06-25,2026-07-02,26,2026,P063,61.628928899765015,37.593829572200775,-24.03509932756424,24.03509932756424,-38.99970315345831
2026-07-02,2026-07-09,27,2026,P063,3.7721173763275146,12.285294838249683,8.513177461922169,8.513177461922169,225.6869713373153
2026-07-09,2026-07-16,28,2026,P063,0.0,0.5639657825231552,0.5639657825231552,0.5639657825231552,
2026-07-16,2026-07-23,29,2026,P063,55.96103382110596,82.91790942847729,26.95687560737133,26.95687560737133,48.17079629648375
2026-07-23,2026-07-30,30,2026,P063,75.12517547607422,43.47792012989521,-31.64725534617901,31.64725534617901,-42.12603184701777
2026-07-30,2026-08-01,31,2026,P063,68.29561233520508,29.51206048578024,-38.78355184942484,38.78355184942484,-56.78776501639573
2026-06-18,2026-06-25,25,2026,P064,18.32209014892578,3.8690282851457596,-14.453061863780022,14.453061863780022,-78.88325920406739
2026-06-25,2026-07-02,26,2026,P064,44.84732723236084,37.96556754410267,-6.881759688258171,6.881759688258171,-15.344860246860922
2026-07-02,2026-07-09,27,2026,P064,0.0,12.324095211923122,12.324095211923122,12.324095211923122,
2026-07-09,2026-07-16,28,2026,P064,0.0,2.7723682895302773,2.7723682895302773,2.7723682895302773,
2026-07-16,2026-07-23,29,2026,P064,64.84466361999512,66.59579915553331,1.7511355355381966,1.7511355355381966,2.7005083190812122
2026-07-23,2026-07-30,30,2026,P064,61.471553802490234,27.787586584687233,-33.683967217803,33.683967217803,-54.79602374462584
2026-07-30,2026-08-01,31,2026,P064,76.8394422531128,26.609292224049568,-50.230150029063225,50.230150029063225,-65.37026890903594
2026-06-18,2026-06-25,25,2026,P065,20.42111587524414,2.266599915921688,-18.154515959322453,18.154515959322453,-88.90070488915146
2026-06-25,2026-07-02,26,2026,P065,43.242961406707764,44.64835062623024,1.4053892195224762,1.4053892195224762,3.249983751816949
2026-07-02,2026-07-09,27,2026,P065,7.1733551025390625,5.589311197400093,-1.5840439051389694,1.5840439051389694,-22.08232943296346
2026-07-09,2026-07-16,28,2026,P065,0.0,4.00525276362896,4.00525276362896,4.00525276362896,
2026-07-16,2026-07-23,29,2026,P065,59.31424140930176,56.59867166727781,-2.715569742023945,2.715569742023945,-4.578276106213649
2026-07-23,2026-07-30,30,2026,P065,56.53912162780762,15.035408936440945,-41.50371269136667,41.50371269136667,-73.40707017803035
2026-07-30,2026-08-01,31,2026,P065,69.1033706665039,24.399334877729416,-44.70403578877449,44.70403578877449,-64.69154161020344
2026-06-18,2026-06-25,25,2026,P066,19.588871002197266,2.1657121181488037,-17.423158884048462,17.423158884048462,-88.9441708105287
2026-06-25,2026-07-02,26,2026,P066,48.71277618408203,39.760984010994434,-8.951792173087597,8.951792173087597,-18.37668241132352
2026-07-02,2026-07-09,27,2026,P066,9.747139930725098,8.821818880736828,-0.9253210499882698,0.9253210499882698,-9.493257063761416
2026-07-09,2026-07-16,28,2026,P066,0.0,3.5866723135113716,3.5866723135113716,3.5866723135113716,
2026-07-16,2026-07-23,29,2026,P066,53.426618576049805,63.70939467102289,10.282776094973087,10.282776094973087,19.246541085762576
2026-07-23,2026-07-30,30,2026,P066,35.145652770996094,21.66640516370535,-13.479247607290745,13.479247607290745,-38.352531663359734
2026-07-30,2026-08-01,31,2026,P066,87.86413192749023,23.134379036724567,-64.72975289076567,64.72975289076567,-73.67028100179014
2026-06-18,2026-06-25,25,2026,P067,35.765868186950684,9.73393102735281,-26.031937159597874,26.031937159597874,-72.78430100879176
2026-06-25,2026-07-02,26,2026,P067,55.39384341239929,37.593829572200775,-17.800013840198517,17.800013840198517,-32.13355987538172
2026-07-02,2026-07-09,27,2026,P067,5.668384075164795,12.285294838249683,6.6169107630848885,6.6169107630848885,116.73363475978853
2026-07-09,2026-07-16,28,2026,P067,0.0,0.5639657825231552,0.5639657825231552,0.5639657825231552,
2026-07-16,2026-07-23,29,2026,P067,49.60155487060547,82.91790942847729,33.31635455787182,33.31635455787182,67.16796407851223
2026-07-23,2026-07-30,30,2026,P067,63.54376029968262,43.47792012989521,-20.065840169787407,20.065840169787407,-31.577986690044263
2026-07-30,2026-08-01,31,2026,P067,79.42970275878906,29.51206048578024,-49.91764227300882,49.91764227300882,-62.84505737683291
2026-06-18,2026-06-25,25,2026,P068,22.617950439453125,4.457667164504528,-18.160283274948597,18.160283274948597,-80.29146285187319
2026-06-25,2026-07-02,26,2026,P068,41.99636363983154,38.406783036887646,-3.5895806029438972,3.5895806029438972,-8.547360513707316
2026-07-02,2026-07-09,27,2026,P068,6.79621696472168,12.050799302756786,5.254582338035107,5.254582338035107,77.31628294551209
2026-07-09,2026-07-16,28,2026,P068,0.0,2.26360110193491,2.26360110193491,2.26360110193491,
2026-07-16,2026-07-23,29,2026,P068,54.23623085021973,68.23768815398216,14.001457303762436,14.001457303762436,25.8156901471071
2026-07-23,2026-07-30,30,2026,P068,64.57398891448975,30.249111525714397,-34.32487738877535,34.32487738877535,-53.155888254369856
2026-07-30,2026-08-01,31,2026,P068,71.27193927764893,27.30684994906187,-43.965089328587055,43.965089328587055,-61.68639407623727
2026-06-18,2026-06-25,25,2026,P069,20.805205821990967,10.533766098320484,-10.271439723670483,10.271439723670483,-49.36956553832136
2026-06-25,2026-07-02,26,2026,P069,52.695438385009766,40.12986432760954,-12.565574057400227,12.565574057400227,-23.84565807308047
2026-07-02,2026-07-09,27,2026,P069,9.946533203125,9.564100250601768,-0.3824329525232315,0.3824329525232315,-3.8448869039423585
2026-07-09,2026-07-16,28,2026,P069,0.0,0.5744953155517578,0.5744953155517578,0.5744953155517578,
2026-07-16,2026-07-23,29,2026,P069,73.9158182144165,81.63796741515398,7.722149200737476,7.722149200737476,10.447221430109737
2026-07-23,2026-07-30,30,2026,P069,88.14936447143555,53.64087554067373,-34.508488930761814,34.508488930761814,-39.14774557670708
2026-07-30,2026-08-01,31,2026,P069,73.45780372619629,52.62994787096977,-20.827855855226517,20.827855855226517,-28.35349656363188
2026-06-18,2026-06-25,25,2026,P070,33.88431692123413,9.015434570610523,-24.868882350623608,24.868882350623608,-73.39348881794675
2026-06-25,2026-07-02,26,2026,P070,45.573486328125,38.666201531887054,-6.907284796237946,6.907284796237946,-15.156366898301608
2026-07-02,2026-07-09,27,2026,P070,9.587451934814453,11.074094183743,1.486642248928547,1.486642248928547,15.506124662071832
2026-07-09,2026-07-16,28,2026,P070,0.0,0.5884178131818771,0.5884178131818771,0.5884178131818771,
2026-07-16,2026-07-23,29,2026,P070,61.16454362869263,84.1559903845191,22.991446755826473,22.991446755826473,37.58950102758726
2026-07-23,2026-07-30,30,2026,P070,73.18672180175781,49.7959391400218,-23.39078266173601,23.39078266173601,-31.960418619507298
2026-07-30,2026-08-01,31,2026,P070,81.31857872009277,41.593132093548775,-39.725446626544,39.725446626544,-48.851624378831346
2026-06-18,2026-06-25,25,2026,P071,18.603025436401367,3.2778567895293236,-15.325168646872044,15.325168646872044,-82.37998006971814
2026-06-25,2026-07-02,26,2026,P071,48.88963222503662,37.60368412733078,-11.285948097705841,11.285948097705841,-23.084542844906597
2026-07-02,2026-07-09,27,2026,P071,9.944543838500977,11.669830732047558,1.7252868935465813,1.7252868935465813,17.349080275226058
2026-07-09,2026-07-16,28,2026,P071,0.0,3.090169809758663,3.090169809758663,3.090169809758663,
2026-07-16,2026-07-23,29,2026,P071,60.16024589538574,65.89915301650763,5.738907121121883,5.738907121121883,9.539367792979807
2026-07-23,2026-07-30,30,2026,P071,42.374542236328125,25.82998152822256,-16.544560708105564,16.544560708105564,-39.04363288654419
2026-07-30,2026-08-01,31,2026,P071,84.74908828735352,25.56114476174116,-59.187943525612354,59.187943525612354,-69.83903275151167
2026-06-18,2026-06-25,25,2026,P072,24.73465919494629,4.475508019328117,-20.25915117561817,20.25915117561817,-81.90592405557567
2026-06-25,2026-07-02,26,2026,P072,43.08073425292969,39.90878776460886,-3.1719464883208275,3.1719464883208275,-7.36279579103302
2026-07-02,2026-07-09,27,2026,P072,9.073594093322754,11.72559154778719,2.6519974544644356,2.6519974544644356,29.227640416668375
2026-07-09,2026-07-16,28,2026,P072,0.0,2.8203998133540154,2.8203998133540154,2.8203998133540154,
2026-07-16,2026-07-23,29,2026,P072,56.19587707519531,68.14375138282776,11.947874307632446,11.947874307632446,21.26112257603005
2026-07-23,2026-07-30,30,2026,P072,56.37604808807373,26.868365459144115,-29.507682628929615,29.507682628929615,-52.340814281325834
2026-07-30,2026-08-01,31,2026,P072,80.5372142791748,29.19990049302578,-51.337313786149025,51.337313786149025,-63.743592630598044
2026-06-18,2026-06-25,25,2026,P073,15.410347938537598,1.5536686554551125,-13.856679283082485,13.856679283082485,-89.91801702562627
2026-06-25,2026-07-02,26,2026,P073,52.07652139663696,32.02068351209164,-20.055837884545326,20.055837884545326,-38.51224572354118
2026-07-02,2026-07-09,27,2026,P073,0.0,13.48579116910696,13.48579116910696,13.48579116910696,
2026-07-09,2026-07-16,28,2026,P073,0.0,0.7335179299116135,0.7335179299116135,0.7335179299116135,
2026-07-16,2026-07-23,29,2026,P073,51.73110866546631,61.39219031482935,9.661081649363041,9.661081649363041,18.67557432770121
2026-07-23,2026-07-30,30,2026,P073,52.55459785461426,30.24236572533846,-22.3122321292758,22.3122321292758,-42.455337953493256
2026-07-30,2026-08-01,31,2026,P073,75.22347831726074,22.42958964407444,-52.7938886731863,52.7938886731863,-70.18272732686471
2026-06-18,2026-06-25,25,2026,P074,19.123416900634766,9.388825304806232,-9.734591595828533,9.734591595828533,-50.90403899266251
2026-06-25,2026-07-02,26,2026,P074,53.38814067840576,37.60816599428654,-15.779974684119225,15.779974684119225,-29.55707856389509
2026-07-02,2026-07-09,27,2026,P074,10.677940368652344,7.659026585519314,-3.01891378313303,3.01891378313303,-28.27243530967616
2026-07-09,2026-07-16,28,2026,P074,0.0,0.49193254113197327,0.49193254113197327,0.49193254113197327,
2026-07-16,2026-07-23,29,2026,P074,85.26210498809814,66.54134138673544,-18.720763601362705,18.720763601362705,-21.956722278878715
2026-07-23,2026-07-30,30,2026,P074,81.22250747680664,27.581135466694832,-53.64137201011181,53.64137201011181,-66.04249693402939
2026-07-30,2026-08-01,31,2026,P074,90.24723052978516,49.40910266339779,-40.83812786638737,40.83812786638737,-45.2513917897006
2026-06-18,2026-06-25,25,2026,P075,33.65203619003296,9.397008299827576,-24.255027890205383,24.255027890205383,-72.07595924727201
2026-06-25,2026-07-02,26,2026,P075,44.970481872558594,39.1711657717824,-5.7993161007761955,5.7993161007761955,-12.895828239534591
2026-07-02,2026-07-09,27,2026,P075,11.436162948608398,10.53805474191904,-0.8981082066893578,0.8981082066893578,-7.853230237495377
2026-07-09,2026-07-16,28,2026,P075,0.0,0.5988886505365372,0.5988886505365372,0.5988886505365372,
2026-07-16,2026-07-23,29,2026,P075,58.38932228088379,86.88907999545336,28.49975771456957,28.49975771456957,48.80987927462239
2026-07-23,2026-07-30,30,2026,P075,73.8767499923706,53.0719435736537,-20.804806418716908,20.804806418716908,-28.16150740370341
2026-07-30,2026-08-01,31,2026,P075,82.08527565002441,41.79447674751282,-40.2907989025116,40.2907989025116,-49.08407577784581
2026-06-18,2026-06-25,25,2026,P076,18.011690139770508,1.44133859872818,-16.570351541042328,16.570351541042328,-91.99776041257978
2026-06-25,2026-07-02,26,2026,P076,40.5640344619751,46.05720487982035,5.493170417845249,5.493170417845249,13.54197256437737
2026-07-02,2026-07-09,27,2026,P076,7.533113956451416,3.4330781921744347,-4.100035764276981,4.100035764276981,-54.426838462541504
2026-07-09,2026-07-16,28,2026,P076,0.0,4.90209786593914,4.90209786593914,4.90209786593914,
2026-07-16,2026-07-23,29,2026,P076,55.14790058135986,51.20139121264219,-3.9465093687176704,3.9465093687176704,-7.156227756839762
2026-07-23,2026-07-30,30,2026,P076,44.48946762084961,11.271841123700142,-33.21762649714947,33.21762649714947,-74.66402335995208
2026-07-30,2026-08-01,31,2026,P076,76.26765632629395,18.522050984203815,-57.74560534209013,57.74560534209013,-75.71440912650914
2026-06-18,2026-06-25,25,2026,P077,17.730791091918945,0.5177658349275589,-17.213025256991386,17.213025256991386,-97.07984921686017
2026-06-25,2026-07-02,26,2026,P077,45.552213191986084,37.07199990749359,-8.480213284492493,8.480213284492493,-18.616468202656726
2026-07-02,2026-07-09,27,2026,P077,10.491083145141602,9.887736469507217,-0.6033466756343842,0.6033466756343842,-5.751042740651548
2026-07-09,2026-07-16,28,2026,P077,0.0,3.6287604570388794,3.6287604570388794,3.6287604570388794,
2026-07-16,2026-07-23,29,2026,P077,55.123008728027344,62.66998814791441,7.546979419887066,7.546979419887066,13.691160177999858
2026-07-23,2026-07-30,30,2026,P077,54.34176254272461,23.10404870659113,-31.23771383613348,31.23771383613348,-57.483806881629484
2026-07-30,2026-08-01,31,2026,P077,67.92720317840576,20.60975693911314,-47.31744623929262,47.31744623929262,-69.65905266998386
2026-06-18,2026-06-25,25,2026,P078,24.844935417175293,5.482310131192207,-19.362625285983086,19.362625285983086,-77.93389260572484
2026-06-25,2026-07-02,26,2026,P078,44.04661178588867,37.59627416729927,-6.450337618589401,6.450337618589401,-14.644344609171306
2026-07-02,2026-07-09,27,2026,P078,0.0,12.148284614086151,12.148284614086151,12.148284614086151,
2026-07-09,2026-07-16,28,2026,P078,0.0,0.718842014670372,0.718842014670372,0.718842014670372,
2026-07-16,2026-07-23,29,2026,P078,62.26522445678711,73.80088103562593,11.535656578838825,11.535656578838825,18.526644173337438
2026-07-23,2026-07-30,30,2026,P078,59.39534378051758,35.477468974888325,-23.917874805629253,23.917874805629253,-40.268939083865725
2026-07-30,2026-08-01,31,2026,P078,74.24417972564697,27.400451071560383,-46.84372865408659,46.84372865408659,-63.09414263473215
2026-06-18,2026-06-25,25,2026,P079,18.468732833862305,11.58830976486206,-6.880423069000244,6.880423069000244,-37.25444041501879
2026-06-25,2026-07-02,26,2026,P079,57.151347160339355,37.5541969537735,-19.597150206565857,19.597150206565857,-34.289918226399145
2026-07-02,2026-07-09,27,2026,P079,0.0,7.562757298350334,7.562757298350334,7.562757298350334,
2026-07-09,2026-07-16,28,2026,P079,0.0,0.42035503685474396,0.42035503685474396,0.42035503685474396,
2026-07-16,2026-07-23,29,2026,P079,92.51276779174805,62.73318571597338,-29.77958207577467,29.77958207577467,-32.18969963455244
2026-07-23,2026-07-30,30,2026,P079,70.77416610717773,22.48306966573,-48.291096441447735,48.291096441447735,-68.23266044324353
2026-07-30,2026-08-01,31,2026,P079,117.95693969726562,59.913346350193024,-58.0435933470726,58.0435933470726,-49.207442560005745
2026-06-18,2026-06-25,25,2026,P080,19.77889633178711,2.9725123792886734,-16.806383952498436,16.806383952498436,-84.97129299114896
2026-06-25,2026-07-02,26,2026,P080,40.66900300979614,40.47968916594982,-0.1893138438463211,0.1893138438463211,-0.4654991021066343
2026-07-02,2026-07-09,27,2026,P080,6.989734649658203,2.201223611831665,-4.788511037826538,4.788511037826538,-68.50776571412042
2026-07-09,2026-07-16,28,2026,P080,0.0,4.301975280046463,4.301975280046463,4.301975280046463,
2026-07-16,2026-07-23,29,2026,P080,56.562458992004395,48.76579895615578,-7.7966600358486176,7.7966600358486176,-13.78416033318273
2026-07-23,2026-07-30,30,2026,P080,44.46628761291504,11.493676044046879,-32.97261156886816,32.97261156886816,-74.15193248399584
2026-07-30,2026-08-01,31,2026,P080,88.93257522583008,24.500307649374008,-64.43226757645607,64.43226757645607,-72.45069358763155
2026-06-18,2026-06-25,25,2026,P081,18.682178497314453,3.2778567895293236,-15.40432170778513,15.40432170778513,-82.45463295407164
2026-06-25,2026-07-02,26,2026,P081,46.54348373413086,37.60368412733078,-8.93979960680008,8.93979960680008,-19.207413991326188
2026-07-02,2026-07-09,27,2026,P081,0.0,11.669830732047558,11.669830732047558,11.669830732047558,
2026-07-09,2026-07-16,28,2026,P081,0.0,3.090169809758663,3.090169809758663,3.090169809758663,
2026-07-16,2026-07-23,29,2026,P081,55.10114860534668,65.89915301650763,10.798004411160946,10.798004411160946,19.596695685057234
2026-07-23,2026-07-30,30,2026,P081,52.86427068710327,25.82998152822256,-27.03428915888071,27.03428915888071,-51.13905631819484
2026-07-30,2026-08-01,31,2026,P081,75.52038669586182,25.56114476174116,-49.959241934120655,49.959241934120655,-66.1533184877855
2026-06-18,2026-06-25,25,2026,P082,22.05342674255371,3.6262730211019516,-18.42715372145176,18.42715372145176,-83.55687275526759
2026-06-25,2026-07-02,26,2026,P082,47.93375015258789,40.583529092371464,-7.350221060216427,7.350221060216427,-15.33412478017766
2026-07-02,2026-07-09,27,2026,P082,0.0,11.237737715244293,11.237737715244293,11.237737715244293,
2026-07-09,2026-07-16,28,2026,P082,0.0,3.1161850318312645,3.1161850318312645,3.1161850318312645,
2026-07-16,2026-07-23,29,2026,P082,68.70943641662598,66.96548968553543,-1.7439467310905457,1.7439467310905457,-2.538147337602894
2026-07-23,2026-07-30,30,2026,P082,55.91353940963745,24.80816239118576,-31.10537701845169,31.10537701845169,-55.631207301268184
2026-07-30,2026-08-01,31,2026,P082,87.8641357421875,28.02619044482708,-59.83794529736042,59.83794529736042,-68.10280985741211
2026-06-18,2026-06-25,25,2026,P083,37.208229064941406,11.18301560729742,-26.025213457643986,26.025213457643986,-69.9447786461991
2026-06-25,2026-07-02,26,2026,P083,52.72555351257324,37.978792421519756,-14.746761091053486,14.746761091053486,-27.968907121168275
2026-07-02,2026-07-09,27,2026,P083,9.298809051513672,12.521515361964703,3.2227063104510307,3.2227063104510307,34.65719419118983
2026-07-09,2026-07-16,28,2026,P083,0.0,0.5986292064189911,0.5986292064189911,0.5986292064189911,
2026-07-16,2026-07-23,29,2026,P083,55.077415466308594,87.47344699501991,32.39603152871132,32.39603152871132,58.819084473069175
2026-07-23,2026-07-30,30,2026,P083,68.83573007583618,49.05197188258171,-19.78375819325447,19.78375819325447,-28.74053659554238
2026-07-30,2026-08-01,31,2026,P083,76.48414134979248,33.394312620162964,-43.08982872962952,43.08982872962952,-56.338252569983815
2026-06-18,2026-06-25,25,2026,P084,26.542009353637695,6.960108682513237,-19.58190067112446,19.58190067112446,-73.77700915639484
2026-06-25,2026-07-02,26,2026,P084,47.60458946228027,37.674197755753994,-9.93039170652628,9.93039170652628,-20.860156171275616
2026-07-02,2026-07-09,27,2026,P084,11.744282722473145,10.135734736919403,-1.6085479855537415,1.6085479855537415,-13.696434457216547
2026-07-09,2026-07-16,28,2026,P084,0.0,0.5082845985889435,0.5082845985889435,0.5082845985889435,
2026-07-16,2026-07-23,29,2026,P084,71.2637071609497,68.38731252402067,-2.876394636929035,2.876394636929035,-4.036268602239107
2026-07-23,2026-07-30,30,2026,P084,82.95024681091309,28.462824389338493,-54.48742242157459,54.48742242157459,-65.68687197010983
2026-07-30,2026-08-01,31,2026,P084,82.95024871826172,40.4523244202137,-42.49792429804802,42.49792429804802,-51.233028176191574
2026-06-18,2026-06-25,25,2026,P085,16.893945693969727,3.8690282851457596,-13.024917408823967,13.024917408823967,-77.09813707684164
2026-06-25,2026-07-02,26,2026,P085,43.17939853668213,37.96556754410267,-5.21383099257946,5.21383099257946,-12.074811528813127
2026-07-02,2026-07-09,27,2026,P085,0.0,12.324095211923122,12.324095211923122,12.324095211923122,
2026-07-09,2026-07-16,28,2026,P085,0.0,2.7723682895302773,2.7723682895302773,2.7723682895302773,
2026-07-16,2026-07-23,29,2026,P085,54.26481628417969,66.59579915553331,12.330982871353626,12.330982871353626,22.723716241436147
2026-07-23,2026-07-30,30,2026,P085,60.9256649017334,27.787586584687233,-33.138078317046165,33.138078317046165,-54.39099986925765
2026-07-30,2026-08-01,31,2026,P085,67.69518375396729,26.609292224049568,-41.08589152991772,41.08589152991772,-60.69248837441833
2026-06-18,2026-06-25,25,2026,P147,59.657569885253906,70.29638294875622,10.638813063502312,10.638813063502312,17.83313179528622
2026-06-25,2026-07-02,26,2026,P147,90.43922424316406,119.9273284599185,29.488104216754436,29.488104216754436,32.60543692576324
2026-07-02,2026-07-09,27,2026,P147,264.7581329345703,562.8626121729612,298.1044792383909,298.1044792383909,112.59502245850234
2026-07-09,2026-07-16,28,2026,P147,0.0,7.695948019623756,7.695948019623756,7.695948019623756,
2026-07-16,2026-07-23,29,2026,P147,23.66853904724121,184.8227416947484,161.1542026475072,161.1542026475072,680.8793830740948
2026-07-23,2026-07-30,30,2026,P147,62.69062042236328,164.1068876683712,101.41626724600792,101.41626724600792,161.77263291181316
2026-07-30,2026-08-01,31,2026,P147,96.08634948730469,111.27553107589483,15.189181588590145,15.189181588590145,15.807845411586793
